{
    "ZZZZZD546TR2Y54N437WSGGVI6X5RBXBDLWN74Z32ZDT233PIGNXTEQP5U": {
        "profit": 0.0,
        "algo": 0.0,
        "asset": -897
    },
    "ZZZZZYXVQ337VP7TV3QUQENORHEMOHMWDTC5YZPOWN7LACIU3RVUKPWWTM": {
        "profit": 0.0,
        "algo": 0.0,
        "asset": -896
    },
    "ZZZZZWEKY2QCFADDH34MBF5FWW47CGF5GVNSVCGBKP576LQC4YACIHYMXE": {
        "profit": 0.0,
        "algo": 0.0,
        "asset": -896
    },
    "FQR6N3626CN2QVNVCOBVAX5RY4WIP4JX6WJOATFXNFUVFGM2M7WWHZXZRY": {
        "profit": 0,
        "algo": 2.0,
        "asset": 17785
    },
    "NRMEVG5YL3PNZMLOWIWZFT6546U6ZRQ3KSPIB5BPN3I5PVKE42APGAULYY": {
        "profit": 0,
        "algo": 4.0,
        "asset": 35323
    },
    "HFKXHXLHMBBVEMZMRU6J3GTMF33DRITOEJ2ZW5Z5FXTJXCZQCH5FKYWOW4": {
        "profit": 0,
        "algo": 10.0,
        "asset": 85495
    }
}