{
    "IRCGQMHO6KGQTOVCMIBDQ5LITUMBSCKEGFFS562TCDCJQVDLBGBFXVTOOA": {
        "profit": -3.0094,
        "algo": 1.0093999999999999,
        "asset": -26
    },
    "3MKGFKWH4ZQFACNRVGCRYVGYSMNHAHOFJVXOIU4DFDCR33R4XS5VXJPON4": {
        "profit": 0,
        "algo": 50.0,
        "asset": 1145
    },
    "47VFOYF3AA3WP5HXRM66ZYDSTGWHUUNPB6Q4NF3NMDBFBQCVOA4LCOBI7M": {
        "profit": 0,
        "algo": 50.0,
        "asset": 920
    },
    "GOATZO3TDB3VHMLHE2EHGIEI6CSQVA2FX5DF2JANJ3E2CT7YS7NPTBCCEQ": {
        "profit": 0,
        "algo": 20.0,
        "asset": 158
    }
}