{
    "VAOF7WYDOPVDBDNM5GJBMI2WW47Y7MW4RWLIMTTI6ZLZNFEQKTQZVFSXH4": {
        "profit": -34.7388902894556,
        "algo": 20.46341,
        "asset": -376895613
    },
    "BHGCKEERJAVMGLLV6BWWCPVL5TJP77GV2ZBPIFUO3HILMTV7GY6VIVRBMY": {
        "profit": -99.99982382269516,
        "algo": 10.0,
        "asset": -2043392
    },
    "QRPO66LBBBQIALOWRIVT3RZEY53PUYQYC6IVMYCENNK3VOKBX65UBTZ3WQ": {
        "profit": -228.98479515440556,
        "algo": 80.450802,
        "asset": -68642415
    },
    "ACTVHYX7SAZYMZX56T7C4KJCNNXPWV2DWW3YRUM2Y6JYOD4CSZZASFRWSA": {
        "profit": 0,
        "algo": 51.0,
        "asset": 67576046
    },
    "Y6V64WNMH4FCZMRWQTNR3H23R5QUSX4YNYWCAPTSNVJ5XIZZ6QPC53MDEE": {
        "profit": -500.046702484952,
        "algo": 4.999525,
        "asset": -608611
    },
    "FGAM2MIPJJD7CJSMS6N3DBJL2DA7KXLCBHKWXA3X6ZRJUDFADI5F6AVQPE": {
        "profit": 0,
        "algo": 17.0,
        "asset": 55110164
    },
    "KOWM7THRBQB57Q2LIDORFIJ5FD2WL4S2L6G6CFEEYMME7MIGVO5J2MRZ7M": {
        "profit": 0.0,
        "algo": 15.0,
        "asset": -692704557
    },
    "4GKFGHNS6772NXSYU4OTMJI3VBWLWCKSHOWTWDDAFTTUBNI2D3UVQG5WX4": {
        "profit": 34.560859988127845,
        "algo": -37.661602,
        "asset": -68509924
    },
    "AXAJ7AJVQSPIVEMMWERDP3UEL2RED6RE52EOPP25LU5X5LMDHKPDPQA7PQ": {
        "profit": 0,
        "algo": 1.0,
        "asset": 7788747
    },
    "M4VQ7C2KCIBN7QGNKSBK6KM5HQD5AO2HJUW52ZQPN6O55N7RYZ5TDMRSHU": {
        "profit": -88.14856022794989,
        "algo": -0.9458899999999999,
        "asset": -23796575
    },
    "A7NOVVVCF6WYQSHSQELMHGB6UUGLO3CVE5GEZAYKJXEGSBFB6XZSATE5MY": {
        "profit": 19.452427635907007,
        "algo": -19.0,
        "asset": 63048174
    },
    "25N6FSQHVAFPD3TMEHQWRBQS5Y7YGNIBJLOPE76FTOSYNISQBKNXLIXJ5Y": {
        "profit": 0.0,
        "algo": 0.4,
        "asset": -13946408
    },
    "BZNWZKESW7JLSNNJZOETM3PS5UYV4QYJSVSE256DPTBGTSIDB2J3F56D5A": {
        "profit": 0,
        "algo": 1.0,
        "asset": 16685835
    }
}