{
    "BHGCKEERJAVMGLLV6BWWCPVL5TJP77GV2ZBPIFUO3HILMTV7GY6VIVRBMY": {
        "profit": -100.0,
        "algo": 10.0,
        "asset": -13976136
    },
    "QRPO66LBBBQIALOWRIVT3RZEY53PUYQYC6IVMYCENNK3VOKBX65UBTZ3WQ": {
        "profit": -26.145170785205195,
        "algo": 9.96716,
        "asset": -7013488
    },
    "3WEJDIBQVQH3QGPOWYS3LLV6DIKSKY5MFCJVN66KUTKBCU5WNDRAIJXQ2I": {
        "profit": 0,
        "algo": 72.376872,
        "asset": 72168746
    },
    "QMY4JJSWN5C626LVTPMRGXNKSV3HLC5LNODPR5M7UO4FCNUR65BLT7E6BQ": {
        "profit": 73.35735460780973,
        "algo": -0.001999999999995339,
        "asset": -8910055600
    }
}