{
    "TYM2VMBRKE32VP67WI7SBTKEGQEVNFQK4CZZ5DZUEISFM7VSTKBZES6PR4": {
        "profit": 0,
        "algo": 0.1,
        "asset": 0
    },
    "GHTWU23HTZVWHE7NPLLKJCLGNXDJOT3XKYOGVRD4D7FHWXMUKHD3LN4WW4": {
        "profit": 0,
        "algo": 14.94804,
        "asset": 4861
    },
    "YET3USQ6NQDD5QBCJ2IOL2MDN2HORNNDSFS6UMZD4AHL3KBEP3N27VQECM": {
        "profit": 0,
        "algo": 13.921057,
        "asset": 4386
    },
    "TB4X4TEIDLJNOMS4CFGE25GHRL3DXTYETQGJGGLY34C3BA3LV7ZPJZNQYE": {
        "profit": 0,
        "algo": 5.0,
        "asset": 1543
    }
}