{
    "4GKFGHNS6772NXSYU4OTMJI3VBWLWCKSHOWTWDDAFTTUBNI2D3UVQG5WX4": {
        "profit": -105.66847266666667,
        "algo": 9.001806,
        "asset": -29
    },
    "WVJBCJ6Y574OD53JJBNO7LFZBBV7X5DJLCNWHRIPCUBRJJJNJEHPWAF6AE": {
        "profit": -0.043776999999999955,
        "algo": 0.043776999999999955,
        "asset": 0
    },
    "LJE4V4P2UT6E3QNVBZVSRE6RTQ2U7NQ73RWMVEV54IMCJ5BTVKZICQVHLI": {
        "profit": 0,
        "algo": 5.0,
        "asset": 14
    },
    "33EBSE4M6TNJBLFL56VXXAII5MXM2ECM4M63QONI3FOKBD2WVJQAHSMZTA": {
        "profit": 0,
        "algo": 5.0,
        "asset": 1
    }
}