{
    "FGAM2MIPJJD7CJSMS6N3DBJL2DA7KXLCBHKWXA3X6ZRJUDFADI5F6AVQPE": {
        "profit": 0,
        "algo": 5.0,
        "asset": 9
    },
    "4CJ2V3EBWIOEJY6EAE3QESPWV47HRTOQ5E62I5P2ZZVGPZFWPJXITO5JAE": {
        "profit": 0,
        "algo": 3.429821,
        "asset": 2162
    },
    "5MQXQCIZJISWAXMS2FJRF2H2VEYWWT7EGP3CUGFQEP6XEPNSH63JN5CXRM": {
        "profit": 0.0020010749306197963,
        "algo": -0.002,
        "asset": -2163
    },
    "ZZZZZYXVQ337VP7TV3QUQENORHEMOHMWDTC5YZPOWN7LACIU3RVUKPWWTM": {
        "profit": 0.0,
        "algo": 0.0,
        "asset": -908
    },
    "2YV6RBEPSSGOFUG5XDQ3JI3LD4UOPVWRJRBRZWRBEW27NJ2UAHNKM6NP3I": {
        "profit": 0,
        "algo": 0.002,
        "asset": 94
    }
}