{
    "ZZZZZQNN4ZVKXEO5BEMQPX7HIKWNDE6G4PU4SA4WYNX26YJF6LYXHGU6OI": {
        "profit": 0.0,
        "algo": 0.0,
        "asset": -24918
    },
    "47RKDMTLOTWULGCSRKIIRRE33RDYY5GJ3IPVUPW7PQKDSBOFF4HWNS6SGQ": {
        "profit": -5.151414674581462,
        "algo": 1.818085,
        "asset": -607371
    },
    "ZZZZZYXVQ337VP7TV3QUQENORHEMOHMWDTC5YZPOWN7LACIU3RVUKPWWTM": {
        "profit": 0.0,
        "algo": 0.0,
        "asset": -24906
    },
    "XHOJG45WBWU2TU5ZMT52B4EYS3VABFGXFF27VWPNAX744EYHO37BRSC6VE": {
        "profit": 0,
        "algo": 20.0,
        "asset": 4296865
    },
    "ZZZZZWEKY2QCFADDH34MBF5FWW47CGF5GVNSVCGBKP576LQC4YACIHYMXE": {
        "profit": 0.0,
        "algo": 0.0,
        "asset": -24893
    },
    "HUEUZOW7WTQ72CUA273IQWNF7QEHOLBI5GDG465M7THB7ZHGNU53UFWDCM": {
        "profit": 0,
        "algo": 1.0,
        "asset": 213098
    },
    "QRPO66LBBBQIALOWRIVT3RZEY53PUYQYC6IVMYCENNK3VOKBX65UBTZ3WQ": {
        "profit": 0,
        "algo": 4.0,
        "asset": 342263
    }
}