{
    "YUUCHV6DMBDKJHO7SPPQW2CTSSM624YWBIJHFTI6N7EKXRMCXYVNGQYCLA": {
        "profit": 4.794132597487474,
        "algo": 0.0,
        "asset": 9903
    },
    "XBOMMMEOIUWEOPDKT4T5AVZY7F52X25GVKW2B4COREGMNYCLQ2GHFOUOM4": {
        "profit": -64.7317009798818,
        "algo": 16.172981,
        "asset": -30895
    },
    "VSGOCSBX2MA7NTQ22MRBZRKVTTCQAHXDCNICUSIX2ZG2KBCZSMCLQCNTOM": {
        "profit": -2.0,
        "algo": 2.0,
        "asset": 0
    },
    "6G5P2PQU25BLJI6XY555QOVZK4D5EDAXMREKQCITI65OE5FQ6O2JZJ62FA": {
        "profit": -11.222545389156888,
        "algo": 5.646190000000001,
        "asset": -7745
    },
    "LJE4V4P2UT6E3QNVBZVSRE6RTQ2U7NQ73RWMVEV54IMCJ5BTVKZICQVHLI": {
        "profit": -16.577144,
        "algo": 5.577144,
        "asset": -8317
    },
    "RE5KWM2XJBRWWKLZMKFTHWRTU4FKLF6TWJRFGNKNVTNDW7DOGFCHTMXJVI": {
        "profit": -7.723415429673395,
        "algo": 2.222840999999999,
        "asset": -6703
    },
    "UBGU3FWBYMVPY3BVT5G6YG7HIWE4KVUYVFNZ7OUVWL6UICYETOS5EW42C4": {
        "profit": 0,
        "algo": 25.0,
        "asset": 35331
    },
    "UYOHSXISBRHEUQ5C4VVHIXZ3JRKDBD2AUEKP6MPXWOCQQIQBVWPK2NO2BE": {
        "profit": -9.539477000000002,
        "algo": 9.539477000000002,
        "asset": 0
    },
    "JOIYKWOA44CWVQZK6JJRFSYQJ6OHHEW6QYWBANJBVPGNKZRH6NQXLYZUTE": {
        "profit": 0,
        "algo": 1.0,
        "asset": 1535
    },
    "LWT6235B2XIVC3BB4ENQGD72S3QE5JJCWOZAUPBJ2PXPZGCAMXPFIG5UCM": {
        "profit": 0,
        "algo": 10.0,
        "asset": 16132
    }
}