{
    "XBOMMMEOIUWEOPDKT4T5AVZY7F52X25GVKW2B4COREGMNYCLQ2GHFOUOM4": {
        "profit": -8.749291966867686,
        "algo": 2.0718769999999997,
        "asset": -343622
    },
    "LJE4V4P2UT6E3QNVBZVSRE6RTQ2U7NQ73RWMVEV54IMCJ5BTVKZICQVHLI": {
        "profit": -1.2124804200247015,
        "algo": 0.5590970000000004,
        "asset": -97519
    },
    "AR7TJWQCEL4STAV5AJ2NQHKE2WBDD4HFHF27MRH6EVC4ELFTG3GK54GVP4": {
        "profit": -0.28478199999999987,
        "algo": 0.28478199999999987,
        "asset": 0
    },
    "QDQ4FZVYVSCAKR5WTSEMIGORRVZBUQ5KAPZ5SERMXE4DV4DO2UX4INP43U": {
        "profit": 0,
        "algo": 18.0,
        "asset": 885489
    },
    "46BRGJLSIFRF5IEK2ECOFWUX7JGIJIWBOP4HMAQB4S6RXLNB2Y56M6SUOM": {
        "profit": 0,
        "algo": 0.5,
        "asset": 69266
    }
}