{
    "L76SY3N6W4ZTEL6OOSTKJKBMHJP4RFUNXKMSTSAIINU5HRJX2B35GYPBKQ": {
        "profit": 0,
        "algo": 10.883,
        "asset": 10708291
    },
    "ROBOTDNT7E4VEP6OXEM2ECIET4L6AFS6HUNFVI74CAQKTQTFA42HMPRDPA": {
        "profit": 0,
        "algo": 1.0,
        "asset": 946206
    },
    "3EQYVTTMOC2VHWSSAZ7QE5I4UI2NE7PMLCG6RI7G722LZZ3WZXUKUW5L3I": {
        "profit": 0,
        "algo": 0.6,
        "asset": 352346
    },
    "EXVDNG6Z4Q6L46CYMCBH7CRSQQW3FQDA7XJHH4NC2M4KIXMM56YV7XPAII": {
        "profit": 0,
        "algo": 7.5,
        "asset": 7233764
    }
}