{
    "ZZZZZD546TR2Y54N437WSGGVI6X5RBXBDLWN74Z32ZDT233PIGNXTEQP5U": {
        "profit": 0.0,
        "algo": 0.0,
        "asset": -14042056339
    },
    "YCERT25ZLEE5VQVZUXKKOMDF7SNMVNB4DXY2336EE7IERH4IDHENK3QKDU": {
        "profit": 0,
        "algo": 1.0,
        "asset": 1394460897467
    },
    "ZZZZZYXVQ337VP7TV3QUQENORHEMOHMWDTC5YZPOWN7LACIU3RVUKPWWTM": {
        "profit": 0.0,
        "algo": 0.0,
        "asset": -140359392781
    },
    "ZZZZZWEKY2QCFADDH34MBF5FWW47CGF5GVNSVCGBKP576LQC4YACIHYMXE": {
        "profit": 0.0,
        "algo": 0.0,
        "asset": -140398870775
    },
    "P3Q65Y4Z72YCX2QW3GXEVYJCJ6NOUEJRO5HKFKZKEGWTNJGTC7QVQGSVI4": {
        "profit": 0,
        "algo": 5.0,
        "asset": 6917908563688
    }
}