{
    "P3Q65Y4Z72YCX2QW3GXEVYJCJ6NOUEJRO5HKFKZKEGWTNJGTC7QVQGSVI4": {
        "profit": 0,
        "algo": 5.0,
        "asset": 548083
    },
    "72Z2YWYPLV6UYQI33M3OLPQAQHQS52N67DMT4Z6GHFTT7K4TOIWHB6AIAE": {
        "profit": 0,
        "algo": 3.184785,
        "asset": 347354
    },
    "33EBSE4M6TNJBLFL56VXXAII5MXM2ECM4M63QONI3FOKBD2WVJQAHSMZTA": {
        "profit": 0,
        "algo": 1.7,
        "asset": 110762
    },
    "34CMHP2FXAXQBU3KE4SD6HTO6RDCAE6XMYX2GBCIVY5DMBP3S66GSRVPPE": {
        "profit": 0,
        "algo": 2.595,
        "asset": 280187
    },
    "DB6RSRPPYKX6EEJUPXI3FZPYSI6N6W2DWZH3T53IT5UHNNI55PGAZMY5FQ": {
        "profit": 0,
        "algo": 0.1,
        "asset": 10766
    },
    "UWQGWQQNYOFZ5AXVGEFZAW6DPSPAWULHCER6726FDANTFPKNYVOXN7GYJM": {
        "profit": 0,
        "algo": 2.0,
        "asset": 214813
    }
}