{
    "ISJRDZG3FIXFSV75FG65WUADK7NL7XDR3P4ZMY6UFWPWW4VGZ7X2PLTFVM": {
        "profit": 0,
        "algo": 0.5,
        "asset": 498252
    },
    "33EBSE4M6TNJBLFL56VXXAII5MXM2ECM4M63QONI3FOKBD2WVJQAHSMZTA": {
        "profit": 0,
        "algo": 3.0,
        "asset": 595821
    },
    "2TBAT2DAXOGSRRIQEKM2VBDJHYPVEKFJUDCD2FQY6UXEB4J3E2IGLOBQXQ": {
        "profit": 0,
        "algo": 14.0,
        "asset": 27008074
    },
    "6V4ZMIBOKD5ZAQRBRQU6OGBJGB6ZRXMNVOBYLNZN2LKID4VVQYWO2IJIMY": {
        "profit": 0,
        "algo": 4.0,
        "asset": 3093923
    },
    "XGN3KPYVPBZSJPLDZDLUDODK25Z2JP2PAD6T6MYSAARANEJ2LNCXIDUT2A": {
        "profit": 0,
        "algo": 2.0,
        "asset": 3795615
    }
}