{
    "XHOJG45WBWU2TU5ZMT52B4EYS3VABFGXFF27VWPNAX744EYHO37BRSC6VE": {
        "profit": 0,
        "algo": 50.0,
        "asset": 775152
    },
    "25N6FSQHVAFPD3TMEHQWRBQS5Y7YGNIBJLOPE76FTOSYNISQBKNXLIXJ5Y": {
        "profit": 0,
        "algo": 0.5,
        "asset": 0
    },
    "WV2RBXEJVZJAP72UE4NMKUXSGCNHTJFEJEVXU37GV3SVIYZEFBLUVTTHXE": {
        "profit": 0,
        "algo": 10.0,
        "asset": 1454
    },
    "2CL56WGM47XDOYCPVXLH7DAN7TKVP5MS25B7UVJHBFKDHRYV4L2MGEL3HA": {
        "profit": 0,
        "algo": 5.0,
        "asset": 35399
    },
    "XGN3KPYVPBZSJPLDZDLUDODK25Z2JP2PAD6T6MYSAARANEJ2LNCXIDUT2A": {
        "profit": 0,
        "algo": 5.0,
        "asset": 69212
    },
    "6V4ZMIBOKD5ZAQRBRQU6OGBJGB6ZRXMNVOBYLNZN2LKID4VVQYWO2IJIMY": {
        "profit": 0,
        "algo": 5.0,
        "asset": 27341
    },
    "M4VQ7C2KCIBN7QGNKSBK6KM5HQD5AO2HJUW52ZQPN6O55N7RYZ5TDMRSHU": {
        "profit": 0,
        "algo": 0.282917,
        "asset": 3000
    },
    "7OT3VKPFKUMSKVWFS5AXKMJBUCHXQXYCGJDIAWQ5YEKTFU2VCQN6KLXVVY": {
        "profit": 0,
        "algo": 5.0,
        "asset": 51264
    },
    "33EBSE4M6TNJBLFL56VXXAII5MXM2ECM4M63QONI3FOKBD2WVJQAHSMZTA": {
        "profit": 0,
        "algo": 0.5,
        "asset": 676
    },
    "YJQ5VZVLURW2ULJ7IKXUPZOMGRJ3XRWCI2U2PEPLCF3CSOOBPZRHRZR5LQ": {
        "profit": 0,
        "algo": 10.0,
        "asset": 104500
    }
}