{
    "ZZZZZQNN4ZVKXEO5BEMQPX7HIKWNDE6G4PU4SA4WYNX26YJF6LYXHGU6OI": {
        "profit": 0.0,
        "algo": 0.0,
        "asset": -99670
    },
    "JOIYKWOA44CWVQZK6JJRFSYQJ6OHHEW6QYWBANJBVPGNKZRH6NQXLYZUTE": {
        "profit": 0,
        "algo": 1.0,
        "asset": 990433
    },
    "ZZZZZWEKY2QCFADDH34MBF5FWW47CGF5GVNSVCGBKP576LQC4YACIHYMXE": {
        "profit": 0.0,
        "algo": 0.0,
        "asset": -99650
    },
    "CLF6DNS5GXJVGNX4SZ4CMGP3LMPHO7X6UWMAUZKFOL2YR7M2T7KQYNGXSE": {
        "profit": 0,
        "algo": 10.612009,
        "asset": 10394242
    },
    "ZZZZZYXVQ337VP7TV3QUQENORHEMOHMWDTC5YZPOWN7LACIU3RVUKPWWTM": {
        "profit": 0.0,
        "algo": 0.0,
        "asset": -99690
    },
    "Y2LYDQPHIHMTPJZZFBF5YPH6MYYTFFLICM2VCSF7U2FFEDROY6AGLNO5DY": {
        "profit": 0,
        "algo": 8.0,
        "asset": 7694533
    },
    "GQN66T6L2YZ74JYVB23JGZ22HURE7KCBJSBDSAHYOCCU5HEM4WM2DW7Y2I": {
        "profit": 0,
        "algo": 6.0,
        "asset": 5692251
    }
}