{
    "COCK2FMPN73OHQS7U535AW6LDZ2VAJUBB7X2APUFAMX2QHY3L3PN4WZN6Q": {
        "profit": 7.995604,
        "algo": -7.995604,
        "asset": -90884
    },
    "2OBQL76XAY7BKCV2KTBLOXH44RTJCAF4JF627OOUGQSU6FAFRWVRCRXL4A": {
        "profit": 0,
        "algo": 0.1,
        "asset": 81
    },
    "AGW3XPUUQP7NDXDSMT33QMMSC6QNJSIXVAWOH4PZYL2ZJQ7RWOA3FD3RSA": {
        "profit": 0,
        "algo": 1.09102,
        "asset": 315227
    },
    "TJNVXDMVJN3BIBGNFF3BFKY3Q3M4CIDYFR6LYTETESUSHELVPMXVTRBVPI": {
        "profit": 25.050276727441318,
        "algo": -0.992661,
        "asset": -522844
    }
}