{
    "4GKFGHNS6772NXSYU4OTMJI3VBWLWCKSHOWTWDDAFTTUBNI2D3UVQG5WX4": {
        "profit": -9.77364805424376,
        "algo": 0.773621,
        "asset": -2993994
    },
    "IRCGQMHO6KGQTOVCMIBDQ5LITUMBSCKEGFFS562TCDCJQVDLBGBFXVTOOA": {
        "profit": 0,
        "algo": 2.0,
        "asset": 2496244
    },
    "5DUSTYLFHUJVZ4YPPVDV7R2EPGRNC3UXQFWIINCJWFLWBT6DZDC3S3VGKE": {
        "profit": 0,
        "algo": 1.0,
        "asset": 663132
    },
    "2GUK3CTAMBXWEMIVU7PBEM5AHB4PMMCMSME5HYKMAK2KOQQPM4PEUFVQLQ": {
        "profit": 0,
        "algo": 1.0,
        "asset": 0
    },
    "K5TPEBPC7JZWLSQ5HDNZRCP3ZAXB24M5JM3AXJJ75EQDIIXMP3SKJOZYEA": {
        "profit": 0,
        "algo": 1.0,
        "asset": 734330
    }
}