{
    "OHKICKKAHCD6HQXXZ5AEYE45RZ5VLQRXCKVXQ4ZYEOUGV6AFI6QOAMHJKI": {
        "profit": 20.161551714285714,
        "algo": -0.46289099999999905,
        "asset": 353
    },
    "4GKFGHNS6772NXSYU4OTMJI3VBWLWCKSHOWTWDDAFTTUBNI2D3UVQG5WX4": {
        "profit": -38.619483735042735,
        "algo": 10.348961,
        "asset": -193
    },
    "RPWWJMPE5ZEB5QKCEOCGWSJJVYUDTQTP2XP2MVNGBT2I7AIX3T5JQ3QRNI": {
        "profit": 0,
        "algo": 5.0,
        "asset": 102
    },
    "FSWW6FNPEAXYREP52QNAM57FLD6YROXY6MIQTIQ726MQBUGQYU7YGLM4KA": {
        "profit": 0.0,
        "algo": 1.5,
        "asset": -13
    },
    "GIBSLETYO4575Z3X5KQH65YV7XM22PZ2AJUGCQJIVY3ZAPMEX45NJ5SBUE": {
        "profit": 0,
        "algo": 10.297857,
        "asset": 250
    },
    "Y6V64WNMH4FCZMRWQTNR3H23R5QUSX4YNYWCAPTSNVJ5XIZZ6QPC53MDEE": {
        "profit": 0,
        "algo": 20.0,
        "asset": 4
    },
    "AR7TJWQCEL4STAV5AJ2NQHKE2WBDD4HFHF27MRH6EVC4ELFTG3GK54GVP4": {
        "profit": 0,
        "algo": 5.0,
        "asset": 82
    },
    "KLUSNGKSW3D6VHZNCTEOZWHP2ATOXXDZRI4YTQTM3NLBWILSR5MUJGLP4Y": {
        "profit": 0,
        "algo": 20.0,
        "asset": 286
    },
    "M4VQ7C2KCIBN7QGNKSBK6KM5HQD5AO2HJUW52ZQPN6O55N7RYZ5TDMRSHU": {
        "profit": 0,
        "algo": 0.1,
        "asset": 1
    },
    "QRPO66LBBBQIALOWRIVT3RZEY53PUYQYC6IVMYCENNK3VOKBX65UBTZ3WQ": {
        "profit": -1.8289645217391275,
        "algo": 37.742008,
        "asset": 31
    },
    "JGJHHBC42B54UA6HS3377VVRQPJVV3XDVY2ZBLV6MJZK7BHT7K6ZCZNINM": {
        "profit": 0,
        "algo": 5.0,
        "asset": 59
    },
    "HFKXHXLHMBBVEMZMRU6J3GTMF33DRITOEJ2ZW5Z5FXTJXCZQCH5FKYWOW4": {
        "profit": 0,
        "algo": 5.0,
        "asset": 53
    },
    "KOWM7THRBQB57Q2LIDORFIJ5FD2WL4S2L6G6CFEEYMME7MIGVO5J2MRZ7M": {
        "profit": 0,
        "algo": 6.0,
        "asset": 0
    },
    "CBJQ7JJKGT7IBWOWRXQDTZWMGUNZGDZTGTYIVQ426CRLRIJ462ZNTK5AIA": {
        "profit": 19.375289555555554,
        "algo": -19.819734,
        "asset": -4
    },
    "FT5E5DSE6MUAJ4AD5M63IZGR6LRZABDEQP7SBN7QFPTMB52N6SNF6IM3MU": {
        "profit": 0,
        "algo": 36.0,
        "asset": 249
    },
    "44S2DUSCN62FBDESHPVXCQMPFFJXUO5YMU63GQY5XJ4UGT2AGPCI5JP2GE": {
        "profit": 0,
        "algo": 250.0,
        "asset": 805
    },
    "GRWDRU7MLGCRLFJATXIWQKFPDG2K4XEJS2DMSGRXHQK2H7ORGTXCHZC4VM": {
        "profit": 0,
        "algo": 5.0,
        "asset": 8
    },
    "K4VE6GVY4LTAGIR6MLVHO5JOJWJCWRTZMTJNTJQZNXL6HPIT4EZPJOQE64": {
        "profit": 0,
        "algo": 50.0,
        "asset": 113
    },
    "YIKYCHZY5X455RDRN6C2PWEJIAA6OCZDAQKOY5IM5COUTPBBFZY7WYLZCU": {
        "profit": 0,
        "algo": 50.0,
        "asset": 90
    }
}