{
    "M4VQ7C2KCIBN7QGNKSBK6KM5HQD5AO2HJUW52ZQPN6O55N7RYZ5TDMRSHU": {
        "profit": 1.4983961890150646,
        "algo": -0.46939,
        "asset": -200971614736855
    },
    "TQCBFZUD7KRD2ECYRDPT5GJCWSNPGYG5KJG66JUKFRLNJEXUSCD7JQXNS4": {
        "profit": 0,
        "algo": 0.023828,
        "asset": 30000000000000
    },
    "33EBSE4M6TNJBLFL56VXXAII5MXM2ECM4M63QONI3FOKBD2WVJQAHSMZTA": {
        "profit": 0,
        "algo": 0.5,
        "asset": 7340206425808
    },
    "TYM2VMBRKE32VP67WI7SBTKEGQEVNFQK4CZZ5DZUEISFM7VSTKBZES6PR4": {
        "profit": 0,
        "algo": 0.2,
        "asset": 0
    },
    "GVPISPSLREKOL6LSHY2X3HQC6TT6WJ5XWMMKH7OD3EC245OW7ZCOJILVAA": {
        "profit": 0,
        "algo": 1.0,
        "asset": 305623399221892
    }
}