{
    "2CL56WGM47XDOYCPVXLH7DAN7TKVP5MS25B7UVJHBFKDHRYV4L2MGEL3HA": {
        "profit": -2.4712800413567573,
        "algo": 0.6141369999999999,
        "asset": -1440207
    },
    "4VLLHGBWOYQFUEHDZP2LTF77B6KPN423APTNJQRTVL2MTTTV4OFLQZFMCI": {
        "profit": 0,
        "algo": 2.0,
        "asset": 1244724
    },
    "46BRGJLSIFRF5IEK2ECOFWUX7JGIJIWBOP4HMAQB4S6RXLNB2Y56M6SUOM": {
        "profit": 0,
        "algo": 0.42,
        "asset": 702834
    },
    "33EBSE4M6TNJBLFL56VXXAII5MXM2ECM4M63QONI3FOKBD2WVJQAHSMZTA": {
        "profit": 0,
        "algo": 2.0,
        "asset": 392200
    },
    "4NEESF2GESCEQGKJIIMRL7Q2BH2E5SFF5E5ZTLUYXNVZKQVVZG4USPOYM4": {
        "profit": 0,
        "algo": 1.0,
        "asset": 200232
    }
}