{
    "25N6FSQHVAFPD3TMEHQWRBQS5Y7YGNIBJLOPE76FTOSYNISQBKNXLIXJ5Y": {
        "profit": 0,
        "algo": 1.0,
        "asset": 0
    },
    "7BNFCPEDWABT4HS3BGDLMBHGMLGMUAEBTN6RGHBFDXFZ2FF6VXVT4OMPQY": {
        "profit": 0,
        "algo": 10.891,
        "asset": 16064371
    },
    "P3Q65Y4Z72YCX2QW3GXEVYJCJ6NOUEJRO5HKFKZKEGWTNJGTC7QVQGSVI4": {
        "profit": 0,
        "algo": 5.0,
        "asset": 7230913
    },
    "DV44MJ6C6O4LNH34NJSE6PE34BHDBBRYYTR6A3H2VFHDBROPUDLI366LMA": {
        "profit": 0,
        "algo": 20.076289,
        "asset": 28447273
    }
}