{
    "CDY2KDHQPN4FH5YNIJXMRMCO43KDEARQDUXK3UJIAJAKHJ6NHWOJTBLOQE": {
        "profit": -3.8521282857142864,
        "algo": -0.433586,
        "asset": -990417
    },
    "V6HCELH3P5MTGALNS6QPQAQ53VHIOT3PLLCZ4U3KMPBECZY2ONPINIAUDY": {
        "profit": -48.818543361124526,
        "algo": 4.476481,
        "asset": -1468751
    },
    "7QVXX2QQLB55GKVU4BSPL5YB2PIR22L6HRY3KXD3PBARD6KNQXDJIFCA5E": {
        "profit": -0.8494331223964995,
        "algo": 0.14246499999999962,
        "asset": -118748
    },
    "VBZDMVXEJG4XAAWKVVVWMIUXRSR2J5SIX6KWEYKJ4AXLVABLPO2KTZ7LZE": {
        "profit": 0,
        "algo": 10.0,
        "asset": 1650695
    },
    "KOWM7THRBQB57Q2LIDORFIJ5FD2WL4S2L6G6CFEEYMME7MIGVO5J2MRZ7M": {
        "profit": 0.0,
        "algo": 12.0,
        "asset": -3153246
    },
    "WVJBCJ6Y574OD53JJBNO7LFZBBV7X5DJLCNWHRIPCUBRJJJNJEHPWAF6AE": {
        "profit": -1.53965113999626,
        "algo": 0.9963949999999997,
        "asset": -15402
    },
    "JTYEHXHK6GCNZ5PO67GEVUUTUR4U5F2XDFAZZ3JFOXYW4RP6QCDQAM5Y64": {
        "profit": 1.3663334295638796,
        "algo": 0.07524900000000012,
        "asset": -391360
    },
    "Y6V64WNMH4FCZMRWQTNR3H23R5QUSX4YNYWCAPTSNVJ5XIZZ6QPC53MDEE": {
        "profit": -5051.756039345932,
        "algo": 49.492005,
        "asset": -15379961
    },
    "XPL3N2LHH3KRHLEM3Q3AERET3C3UOYGDK5S7L7CXI6WE5JNVRZUZ6W7LEM": {
        "profit": 0,
        "algo": 10.0,
        "asset": 2974378
    },
    "AR7TJWQCEL4STAV5AJ2NQHKE2WBDD4HFHF27MRH6EVC4ELFTG3GK54GVP4": {
        "profit": 0,
        "algo": 10.0,
        "asset": 2773003
    },
    "4GKFGHNS6772NXSYU4OTMJI3VBWLWCKSHOWTWDDAFTTUBNI2D3UVQG5WX4": {
        "profit": -197.26679719130723,
        "algo": 18.011347,
        "asset": -5209737
    },
    "G2YDWFLK6EHUN7GNUAQNZ33HZFCQ43LE346CNH2UI5MR6HR22IRPDXCE4Q": {
        "profit": 0,
        "algo": 0.5,
        "asset": 134078
    },
    "QIEO2PIQJUKN5KYHQZAHAKMIIYZ36CZT6V3X7AVAKQZ7XCG2P6DAHIDMCU": {
        "profit": 0,
        "algo": 5.0,
        "asset": 1446710
    },
    "JYS3PSYK7O3ORTLYYZFOK2DLCEUIVH4ZIS75DSCE2ML7K6ESGQJTR3S4AY": {
        "profit": -499.9827739528782,
        "algo": 4.951051,
        "asset": -1498065
    },
    "S2GKA7OYCSO4TD7PTMI4PDITHKFSKEWAXFXWWIEFIWTVXMNIBPXJ7FZ3VE": {
        "profit": 0,
        "algo": 4.0,
        "asset": 1023116
    },
    "YCERT25ZLEE5VQVZUXKKOMDF7SNMVNB4DXY2336EE7IERH4IDHENK3QKDU": {
        "profit": 0,
        "algo": 1.0,
        "asset": 299980
    },
    "33EBSE4M6TNJBLFL56VXXAII5MXM2ECM4M63QONI3FOKBD2WVJQAHSMZTA": {
        "profit": 0,
        "algo": 3.0,
        "asset": 91720
    }
}