{
    "ZZZZZD546TR2Y54N437WSGGVI6X5RBXBDLWN74Z32ZDT233PIGNXTEQP5U": {
        "profit": 0.0,
        "algo": 0.0,
        "asset": -57763
    },
    "ZZZZZYXVQ337VP7TV3QUQENORHEMOHMWDTC5YZPOWN7LACIU3RVUKPWWTM": {
        "profit": 0.0,
        "algo": 0.0,
        "asset": -580618
    },
    "ZZZZZWEKY2QCFADDH34MBF5FWW47CGF5GVNSVCGBKP576LQC4YACIHYMXE": {
        "profit": 0.0,
        "algo": 0.0,
        "asset": -578692
    },
    "FQR6N3626CN2QVNVCOBVAX5RY4WIP4JX6WJOATFXNFUVFGM2M7WWHZXZRY": {
        "profit": 0,
        "algo": 43.0,
        "asset": 144737921
    },
    "A7NOVVVCF6WYQSHSQELMHGB6UUGLO3CVE5GEZAYKJXEGSBFB6XZSATE5MY": {
        "profit": 0,
        "algo": 3.0,
        "asset": 6076696
    }
}