{
    "AXAJ7AJVQSPIVEMMWERDP3UEL2RED6RE52EOPP25LU5X5LMDHKPDPQA7PQ": {
        "profit": -0.7039599999999999,
        "algo": 0.7039599999999999,
        "asset": 0
    },
    "WVJBCJ6Y574OD53JJBNO7LFZBBV7X5DJLCNWHRIPCUBRJJJNJEHPWAF6AE": {
        "profit": -0.341636,
        "algo": 0.341636,
        "asset": 0
    },
    "CUWWIDM5O42RTI2HA4H7KK4XVUMWGH2WSEGVSAWMKTT3RW7LK5HQP2JVVE": {
        "profit": 0,
        "algo": 1189.257975,
        "asset": 1553442
    },
    "BP5ICYXMKPJQ6V46NEFN7JVYNR54S7UYMAPGS77FDJSI43PT4GJDNPNIN4": {
        "profit": 0.002,
        "algo": -0.002,
        "asset": -1553442
    },
    "33EBSE4M6TNJBLFL56VXXAII5MXM2ECM4M63QONI3FOKBD2WVJQAHSMZTA": {
        "profit": 0,
        "algo": 0.4,
        "asset": 0
    }
}