{
    "ZZZZZD546TR2Y54N437WSGGVI6X5RBXBDLWN74Z32ZDT233PIGNXTEQP5U": {
        "profit": 0.0,
        "algo": 0.0,
        "asset": -179102
    },
    "ZZZZZWEKY2QCFADDH34MBF5FWW47CGF5GVNSVCGBKP576LQC4YACIHYMXE": {
        "profit": 0.0,
        "algo": 0.0,
        "asset": -178390
    },
    "T7UBVDRBOV5TOPMHOX4ZJNDXEUSGPH7Y7ZK7WKVQAPI33DBUX3FE44NLKE": {
        "profit": 0,
        "algo": 1.0,
        "asset": 1750676
    },
    "YCERT25ZLEE5VQVZUXKKOMDF7SNMVNB4DXY2336EE7IERH4IDHENK3QKDU": {
        "profit": 0,
        "algo": 0.6,
        "asset": 1017872
    }
}