{
    "DV44MJ6C6O4LNH34NJSE6PE34BHDBBRYYTR6A3H2VFHDBROPUDLI366LMA": {
        "profit": 0,
        "algo": 9.891,
        "asset": 9755195
    },
    "46BRGJLSIFRF5IEK2ECOFWUX7JGIJIWBOP4HMAQB4S6RXLNB2Y56M6SUOM": {
        "profit": 0,
        "algo": 0.29,
        "asset": 240908
    },
    "7RXKIKX5TZOVDNVR6IH3R54ONBMRJ2W662KNFXF4HRNLVE3CTK7GDCIBEA": {
        "profit": 0,
        "algo": 0.5,
        "asset": 488068
    },
    "LWT6235B2XIVC3BB4ENQGD72S3QE5JJCWOZAUPBJ2PXPZGCAMXPFIG5UCM": {
        "profit": 0,
        "algo": 10.0,
        "asset": 9182083
    },
    "G7WRQDYYAR62BD5JQ56ZYMGPLLZQTAXQZB54AAAUU35CY7D2TZMGQ2XIVQ": {
        "profit": 0,
        "algo": 5.0,
        "asset": 4757291
    }
}