{
    "ZZZZZWEKY2QCFADDH34MBF5FWW47CGF5GVNSVCGBKP576LQC4YACIHYMXE": {
        "profit": 0.0,
        "algo": 0.0,
        "asset": -996
    },
    "KLUSNGKSW3D6VHZNCTEOZWHP2ATOXXDZRI4YTQTM3NLBWILSR5MUJGLP4Y": {
        "profit": -0.4616459283475898,
        "algo": 0.25756600000000063,
        "asset": -19550
    },
    "EXVDNG6Z4Q6L46CYMCBH7CRSQQW3FQDA7XJHH4NC2M4KIXMM56YV7XPAII": {
        "profit": 0,
        "algo": 5.7780000000000005,
        "asset": 566724
    },
    "GLLORY6ET4F4TAUW3MZGQED6FMF5BE4JXAIJAL2XEEOIQVI5K4RJPFOPXE": {
        "profit": -0.0100849999999999,
        "algo": 0.0100849999999999,
        "asset": 0
    },
    "RHNTCUK54BSFAYCO22NEHF4N5USLAOVIUHDTH4DWVYSTIEKA2HBIWETDJA": {
        "profit": 0,
        "algo": 3.0,
        "asset": 290280
    }
}