{
    "EIA2GC3JK4U6PNVXKUTXXKJ3RGGKSDXHVBBI6EVKFXAHSZWSW2L3NSX52I": {
        "profit": 0,
        "algo": 0.1,
        "asset": 9960
    },
    "E2LM6XVJBZUBGHJRFGXSAFKAYWJIARY7TZSZ4JLTTIUOSDVZWH6V6EECU4": {
        "profit": 0,
        "algo": 24.408549999999998,
        "asset": 2367474
    },
    "YCERT25ZLEE5VQVZUXKKOMDF7SNMVNB4DXY2336EE7IERH4IDHENK3QKDU": {
        "profit": 0,
        "algo": 0.54,
        "asset": 52170
    },
    "YET3USQ6NQDD5QBCJ2IOL2MDN2HORNNDSFS6UMZD4AHL3KBEP3N27VQECM": {
        "profit": 0,
        "algo": 2.5,
        "asset": 239847
    }
}