{
    "SONICHI2A5Y6RAVHYM4Q4VT562B6KBVHYNYBLBUM57CX63Z5NRFSTOPP6E": {
        "profit": 19.93991,
        "algo": -19.93991,
        "asset": -499248873309
    },
    "UMHPY2AZXYXZBNJ27GUV2ZOCR73O5HEEPORGLTJBCT5HJMXLDGXO4V2ZKY": {
        "profit": 0,
        "algo": 1.325024,
        "asset": 50000000000
    },
    "QRPO66LBBBQIALOWRIVT3RZEY53PUYQYC6IVMYCENNK3VOKBX65UBTZ3WQ": {
        "profit": 0,
        "algo": 11.946409,
        "asset": 200000000000
    },
    "33EBSE4M6TNJBLFL56VXXAII5MXM2ECM4M63QONI3FOKBD2WVJQAHSMZTA": {
        "profit": 0,
        "algo": 0.5,
        "asset": 1100986015
    }
}