{
    "IRCGQMHO6KGQTOVCMIBDQ5LITUMBSCKEGFFS562TCDCJQVDLBGBFXVTOOA": {
        "profit": 0.3261130000000305,
        "algo": 0.6738869999999997,
        "asset": -16369243916801
    },
    "ACTVHYX7SAZYMZX56T7C4KJCNNXPWV2DWW3YRUM2Y6JYOD4CSZZASFRWSA": {
        "profit": -9.933135000002098,
        "algo": 0.933135,
        "asset": -30020957494927
    },
    "JGJHHBC42B54UA6HS3377VVRQPJVV3XDVY2ZBLV6MJZK7BHT7K6ZCZNINM": {
        "profit": 0,
        "algo": 0.5,
        "asset": 0
    },
    "4GKFGHNS6772NXSYU4OTMJI3VBWLWCKSHOWTWDDAFTTUBNI2D3UVQG5WX4": {
        "profit": -49.768674000002235,
        "algo": 4.768674,
        "asset": -60335327699634
    },
    "LWT6235B2XIVC3BB4ENQGD72S3QE5JJCWOZAUPBJ2PXPZGCAMXPFIG5UCM": {
        "profit": 0,
        "algo": 2.0,
        "asset": 12271154209945
    },
    "E4VZQ23XGMSGAIEZEG2ZS4B5ELJOJOXCQ4QZAXAL2WPOF77X33UBQ5LLUU": {
        "profit": 0,
        "algo": 3.624765,
        "asset": 23717081700
    },
    "72MD6IOSI26KCS2PPEKON5FPDI27QPD2TQESIGJNL5SXSCACAXLEGGRKMI": {
        "profit": 0.002,
        "algo": -0.002,
        "asset": -23717081700
    },
    "WVJBCJ6Y574OD53JJBNO7LFZBBV7X5DJLCNWHRIPCUBRJJJNJEHPWAF6AE": {
        "profit": 0,
        "algo": 2.0,
        "asset": 32183183941092
    }
}