{
    "PSFSKBTIUXUGCXB4YOUCPMWYDYLFYBRMVG4PRCVKNOIUGDJXQHKVW2W7LU": {
        "profit": 0,
        "algo": 10.0,
        "asset": 5972076
    },
    "Z7IR5CA4L5PYYYN7N6TBYNXJGOFPWOWEL5JSFDCVUPXD323KDIIS5PA7GQ": {
        "profit": 0,
        "algo": 10.0,
        "asset": 5952266
    },
    "JOIYKWOA44CWVQZK6JJRFSYQJ6OHHEW6QYWBANJBVPGNKZRH6NQXLYZUTE": {
        "profit": 0,
        "algo": 3.0,
        "asset": 1969909
    },
    "EIUIB7RBT236EQ7HOSBHCNRQFEF2CGMYMTPXEDEBRWHKT7ROPSNIWD6DG4": {
        "profit": 0,
        "algo": 5992.87804,
        "asset": 4898978485
    },
    "33NPEEF3ZPCJOQKNLVCZR5W65C4IJALICOG3U52ZAOZ4VRLKMUT7YUCCRE": {
        "profit": 0.002,
        "algo": -0.002,
        "asset": -4898978485
    }
}