{
    "ZZZZZQNN4ZVKXEO5BEMQPX7HIKWNDE6G4PU4SA4WYNX26YJF6LYXHGU6OI": {
        "profit": 0.0,
        "algo": 0.0,
        "asset": -107092756
    },
    "QDQ4FZVYVSCAKR5WTSEMIGORRVZBUQ5KAPZ5SERMXE4DV4DO2UX4INP43U": {
        "profit": 0,
        "algo": 10.0,
        "asset": 2169225282
    },
    "AACCDJTFPQR5UQJZ337NFR56CC44T776EWBGVJG5NY2QFTQWBWTALTEN4A": {
        "profit": 0.2985884725127299,
        "algo": -7.950695000000001,
        "asset": -6372993039
    },
    "J4BJWP67LHXT7LQTWZYWJGNSB25VZMO6SFZPKBSY7HJUCXJIFVE2PEOTVA": {
        "profit": 2.017474091351965,
        "algo": -5.015745,
        "asset": -4160352340
    },
    "XGWFADE2VNGWKUAG6GRY4TLNWUCNFZVW55WH7EAS4QELKWYA66LYITOHTM": {
        "profit": 0,
        "algo": 5.0,
        "asset": 415456080
    },
    "ZZZZZYXVQ337VP7TV3QUQENORHEMOHMWDTC5YZPOWN7LACIU3RVUKPWWTM": {
        "profit": 0.0,
        "algo": 0.0,
        "asset": -109213448
    },
    "ZZZZZWEKY2QCFADDH34MBF5FWW47CGF5GVNSVCGBKP576LQC4YACIHYMXE": {
        "profit": 0.0,
        "algo": 0.0,
        "asset": -108145301
    }
}