{
    "L67ZLECIFAPXQODTJT4SRMFDTMNSNBBZY3KMO6MF5MTWFERFF5ICXQG3GQ": {
        "profit": 0,
        "algo": 55.0,
        "asset": 12181434567
    },
    "CDY2KDHQPN4FH5YNIJXMRMCO43KDEARQDUXK3UJIAJAKHJ6NHWOJTBLOQE": {
        "profit": -198.787500459166,
        "algo": -169.505992,
        "asset": -100868743939
    },
    "WVJBCJ6Y574OD53JJBNO7LFZBBV7X5DJLCNWHRIPCUBRJJJNJEHPWAF6AE": {
        "profit": 1.7795479905527154,
        "algo": 1.120235,
        "asset": 18161757710
    },
    "XBOMMMEOIUWEOPDKT4T5AVZY7F52X25GVKW2B4COREGMNYCLQ2GHFOUOM4": {
        "profit": -20.768458681351493,
        "algo": 2.886785,
        "asset": -2132094310
    },
    "GOATZO3TDB3VHMLHE2EHGIEI6CSQVA2FX5DF2JANJ3E2CT7YS7NPTBCCEQ": {
        "profit": -28.084008927712443,
        "algo": 9.99983,
        "asset": -3463991432
    },
    "ACTVHYX7SAZYMZX56T7C4KJCNNXPWV2DWW3YRUM2Y6JYOD4CSZZASFRWSA": {
        "profit": -679.2809926511875,
        "algo": 43.924287,
        "asset": -23590628424
    },
    "KOWM7THRBQB57Q2LIDORFIJ5FD2WL4S2L6G6CFEEYMME7MIGVO5J2MRZ7M": {
        "profit": 0.0,
        "algo": 20.0,
        "asset": -9548900072
    },
    "ISJRDZG3FIXFSV75FG65WUADK7NL7XDR3P4ZMY6UFWPWW4VGZ7X2PLTFVM": {
        "profit": -1.2241458835947423,
        "algo": 0.499939,
        "asset": -138661337
    },
    "Y6V64WNMH4FCZMRWQTNR3H23R5QUSX4YNYWCAPTSNVJ5XIZZ6QPC53MDEE": {
        "profit": -4408.523718758563,
        "algo": 49.428993,
        "asset": -22185277218
    },
    "QRPO66LBBBQIALOWRIVT3RZEY53PUYQYC6IVMYCENNK3VOKBX65UBTZ3WQ": {
        "profit": 0,
        "algo": 74.0,
        "asset": 11338565487
    },
    "IHL2SWF5PQYF2A2NZFRVQZO4LDCZNCZ7UGU2KMTMUPYRRL3MCHKCTNCGLY": {
        "profit": 0,
        "algo": 25.0,
        "asset": 9645777130
    },
    "42KCY3TOG3D4KUXTGTHYZYWKJSG4KG7PDMN2ABNZOV6ADJMMLDWPPDJXEU": {
        "profit": 0,
        "algo": 10.0,
        "asset": 3729586816
    },
    "GPV7WMU6LSDPIV4OBXZXIGH7BTXVTL4ZFNFDZOXKVMRH2CQQRVNTDCOV2Y": {
        "profit": -3.1413879465786705,
        "algo": 1.860405,
        "asset": -291745165
    },
    "7QVXX2QQLB55GKVU4BSPL5YB2PIR22L6HRY3KXD3PBARD6KNQXDJIFCA5E": {
        "profit": 0,
        "algo": 6.0,
        "asset": 2223537170
    },
    "LJE4V4P2UT6E3QNVBZVSRE6RTQ2U7NQ73RWMVEV54IMCJ5BTVKZICQVHLI": {
        "profit": -29.694887184270925,
        "algo": 24.762553,
        "asset": -1654840923
    },
    "EYN4PGL5YRBWIO4M2DIHUUARQSKLK2DRYTVHUXGIOQM6SWFNSEOFTOQ4VY": {
        "profit": 0,
        "algo": 1202.918294,
        "asset": 24494896427
    },
    "5VQ7JGPV4EPGY25LWBEMU3TQ6RJEH22IKUPBZ4TLZ5IMK4XTE4SCR5E6ZQ": {
        "profit": 0.002,
        "algo": -0.002,
        "asset": -24494896427
    },
    "M4VQ7C2KCIBN7QGNKSBK6KM5HQD5AO2HJUW52ZQPN6O55N7RYZ5TDMRSHU": {
        "profit": 0,
        "algo": 0.1,
        "asset": 20764222
    },
    "4GKFGHNS6772NXSYU4OTMJI3VBWLWCKSHOWTWDDAFTTUBNI2D3UVQG5WX4": {
        "profit": -12.731362427613526,
        "algo": 1.0,
        "asset": -237499133
    },
    "SONICHI2A5Y6RAVHYM4Q4VT562B6KBVHYNYBLBUM57CX63Z5NRFSTOPP6E": {
        "profit": 0.022117,
        "algo": -0.022117,
        "asset": -18029040788
    },
    "GJV4FUNLTHOLQBX27J23JDWHN4GL5ZUI3WI5CTAIACGE6BQ6C5LPWWJI7I": {
        "profit": 0,
        "algo": 3.0,
        "asset": 282009586
    }
}