{
    "BHGCKEERJAVMGLLV6BWWCPVL5TJP77GV2ZBPIFUO3HILMTV7GY6VIVRBMY": {
        "profit": 0,
        "algo": 15.0,
        "asset": 22437
    },
    "FGAM2MIPJJD7CJSMS6N3DBJL2DA7KXLCBHKWXA3X6ZRJUDFADI5F6AVQPE": {
        "profit": 0,
        "algo": 10.0,
        "asset": 13016
    },
    "VBZDMVXEJG4XAAWKVVVWMIUXRSR2J5SIX6KWEYKJ4AXLVABLPO2KTZ7LZE": {
        "profit": -4.077827649699101,
        "algo": 14.0,
        "asset": 84334
    },
    "YUUCHV6DMBDKJHO7SPPQW2CTSSM624YWBIJHFTI6N7EKXRMCXYVNGQYCLA": {
        "profit": 0,
        "algo": 5.0,
        "asset": 57977
    },
    "7FQBLA7I45KS7P3QKNP6DRDSAEQA4N4TTJWV6GGJANJGYOXOX4H5BI75FY": {
        "profit": 0,
        "algo": 5.0,
        "asset": 59544
    },
    "LWT6235B2XIVC3BB4ENQGD72S3QE5JJCWOZAUPBJ2PXPZGCAMXPFIG5UCM": {
        "profit": 0,
        "algo": 25.0,
        "asset": 237489
    },
    "CBJQ7JJKGT7IBWOWRXQDTZWMGUNZGDZTGTYIVQ426CRLRIJ462ZNTK5AIA": {
        "profit": -1.2230682767420458,
        "algo": 0.7513940000000003,
        "asset": -5227
    },
    "WGMI4GRA7DXQ7OWGVQMZL4O5I7VW3LPRFSBWNRFRTSRSC2P3NUGKXUB6CE": {
        "profit": 0,
        "algo": 2.0,
        "asset": 21613
    },
    "3EQYVTTMOC2VHWSSAZ7QE5I4UI2NE7PMLCG6RI7G722LZZ3WZXUKUW5L3I": {
        "profit": 0,
        "algo": 0.1,
        "asset": 718
    },
    "AR7TJWQCEL4STAV5AJ2NQHKE2WBDD4HFHF27MRH6EVC4ELFTG3GK54GVP4": {
        "profit": 0,
        "algo": 4.5,
        "asset": 50863
    },
    "Y6V64WNMH4FCZMRWQTNR3H23R5QUSX4YNYWCAPTSNVJ5XIZZ6QPC53MDEE": {
        "profit": -2003.6252078118466,
        "algo": 19.801166,
        "asset": -227743
    },
    "L67ZLECIFAPXQODTJT4SRMFDTMNSNBBZY3KMO6MF5MTWFERFF5ICXQG3GQ": {
        "profit": -4.576872000000002,
        "algo": 4.576872000000002,
        "asset": 0
    },
    "XHOJG45WBWU2TU5ZMT52B4EYS3VABFGXFF27VWPNAX744EYHO37BRSC6VE": {
        "profit": 0,
        "algo": 20.0,
        "asset": 230045
    }
}