{
    "BZNWZKESW7JLSNNJZOETM3PS5UYV4QYJSVSE256DPTBGTSIDB2J3F56D5A": {
        "profit": 0,
        "algo": 1.0,
        "asset": 405629
    },
    "J4BJWP67LHXT7LQTWZYWJGNSB25VZMO6SFZPKBSY7HJUCXJIFVE2PEOTVA": {
        "profit": 0.876899204130539,
        "algo": -116.512607,
        "asset": -55691019
    },
    "JHEATKA6BMFRKABJDDPV53JB4J6P4HDCP2BIQZWA2XFAZHZFRGXKM6CWME": {
        "profit": 0,
        "algo": 2.0,
        "asset": 107993
    },
    "Y6V64WNMH4FCZMRWQTNR3H23R5QUSX4YNYWCAPTSNVJ5XIZZ6QPC53MDEE": {
        "profit": 0,
        "algo": 5.0,
        "asset": 22414
    },
    "2RK3SZVNER5T6IWOZHIT2UFKJINEC37A7GKYW4OPJGIIX4PY4QMW44XGHI": {
        "profit": 0,
        "algo": 1.0,
        "asset": 628141
    },
    "AACCDJTFPQR5UQJZ337NFR56CC44T776EWBGVJG5NY2QFTQWBWTALTEN4A": {
        "profit": -30.77022391838374,
        "algo": -21.849394999999994,
        "asset": -4898510
    },
    "LWT6235B2XIVC3BB4ENQGD72S3QE5JJCWOZAUPBJ2PXPZGCAMXPFIG5UCM": {
        "profit": -3.866699180931611,
        "algo": 30.0,
        "asset": 11306376
    },
    "XPL3N2LHH3KRHLEM3Q3AERET3C3UOYGDK5S7L7CXI6WE5JNVRZUZ6W7LEM": {
        "profit": 0,
        "algo": 10.0,
        "asset": 3449910
    },
    "NYU2OPOL2PGZRMPPMZVKUYKZF3ZTXLFO5ENLD2XL4C67DZT7J5COWGMIHY": {
        "profit": 4.395767,
        "algo": -4.395767,
        "asset": -6218839
    },
    "4VLLHGBWOYQFUEHDZP2LTF77B6KPN423APTNJQRTVL2MTTTV4OFLQZFMCI": {
        "profit": 0,
        "algo": 7.0,
        "asset": 1778894
    },
    "33EBSE4M6TNJBLFL56VXXAII5MXM2ECM4M63QONI3FOKBD2WVJQAHSMZTA": {
        "profit": 0,
        "algo": 79.399402,
        "asset": 1749229
    },
    "74EV4YK4L5VCKJ4BGXOIUVQE3VMQN2USOKEOT4E5S547H5XC3QZROLV2PA": {
        "profit": 0,
        "algo": 7.0,
        "asset": 2732521
    },
    "QRPO66LBBBQIALOWRIVT3RZEY53PUYQYC6IVMYCENNK3VOKBX65UBTZ3WQ": {
        "profit": 173.384699,
        "algo": 0.0,
        "asset": -63098587
    },
    "4GKFGHNS6772NXSYU4OTMJI3VBWLWCKSHOWTWDDAFTTUBNI2D3UVQG5WX4": {
        "profit": 0,
        "algo": 5.0,
        "asset": 328109
    }
}