{
    "DQRIJ7RODPSLEZBGSEEP52RFC3NA6A3F7CL7FWEZYLQNOV2A7FABXBUZFE": {
        "profit": 6.237280371859335,
        "algo": -1.2624060000000004,
        "asset": 25195908041871
    },
    "XBOMMMEOIUWEOPDKT4T5AVZY7F52X25GVKW2B4COREGMNYCLQ2GHFOUOM4": {
        "profit": 0,
        "algo": 20.0,
        "asset": 23644973892131
    },
    "FGAM2MIPJJD7CJSMS6N3DBJL2DA7KXLCBHKWXA3X6ZRJUDFADI5F6AVQPE": {
        "profit": 0,
        "algo": 20.0,
        "asset": 2675123490410
    },
    "GHSTY64WGZU3UN33N7LZWCWL4V5QIBI4ODUS3CMHCNQ5JRWB7HOF2WG5JY": {
        "profit": 0.09114,
        "algo": -0.175629,
        "asset": -150000000000000
    },
    "ZZZZZD546TR2Y54N437WSGGVI6X5RBXBDLWN74Z32ZDT233PIGNXTEQP5U": {
        "profit": 0.0,
        "algo": 0.0,
        "asset": -1955016961782
    },
    "BDLXHCWENALYKQUDTOUS6TKVX4K3GBFZYKJK553BQHH3Z34WPZWGOUCA2E": {
        "profit": 0,
        "algo": 7.0,
        "asset": 18331878003479
    },
    "Y6V64WNMH4FCZMRWQTNR3H23R5QUSX4YNYWCAPTSNVJ5XIZZ6QPC53MDEE": {
        "profit": 0,
        "algo": 1.0,
        "asset": 56328761183
    },
    "ZZZZZWEKY2QCFADDH34MBF5FWW47CGF5GVNSVCGBKP576LQC4YACIHYMXE": {
        "profit": 0.0,
        "algo": 0.0,
        "asset": -1879932459355
    },
    "7QVXX2QQLB55GKVU4BSPL5YB2PIR22L6HRY3KXD3PBARD6KNQXDJIFCA5E": {
        "profit": 0,
        "algo": 0.5,
        "asset": 1629929610294
    }
}