{
    "L67ZLECIFAPXQODTJT4SRMFDTMNSNBBZY3KMO6MF5MTWFERFF5ICXQG3GQ": {
        "profit": -35.011133,
        "algo": -14.988866999999999,
        "asset": -249374687
    },
    "IRCGQMHO6KGQTOVCMIBDQ5LITUMBSCKEGFFS562TCDCJQVDLBGBFXVTOOA": {
        "profit": -335.34478226307647,
        "algo": 14.760762,
        "asset": -74798938
    },
    "WV2RBXEJVZJAP72UE4NMKUXSGCNHTJFEJEVXU37GV3SVIYZEFBLUVTTHXE": {
        "profit": -3402.641653785801,
        "algo": 118.013372,
        "asset": -578884124
    },
    "JXHN3MSL4F2GJFTRIGWYD4X7XP4JCWGTHSYYIEGY44CQ2J27ORZSNSY4CE": {
        "profit": -5021.125069213861,
        "algo": 9.981924,
        "asset": -57653703
    },
    "IPG67E5YTW7HPUYQ5KZ27WPJAITQ5GM67H5UUDEQMIYIJOHBI3D5MOVQEI": {
        "profit": -229.49372816734405,
        "algo": 9.813874,
        "asset": -44934211
    },
    "VBZDMVXEJG4XAAWKVVVWMIUXRSR2J5SIX6KWEYKJ4AXLVABLPO2KTZ7LZE": {
        "profit": 3.834451290398029,
        "algo": 0.0,
        "asset": 15172696
    },
    "2YV6RBEPSSGOFUG5XDQ3JI3LD4UOPVWRJRBRZWRBEW27NJ2UAHNKM6NP3I": {
        "profit": 22844.48030320982,
        "algo": 38.177167999999995,
        "asset": -129408427
    },
    "XGWFADE2VNGWKUAG6GRY4TLNWUCNFZVW55WH7EAS4QELKWYA66LYITOHTM": {
        "profit": 0,
        "algo": 50.0,
        "asset": 49874937
    },
    "2GHZB5WE5PG35KLO5AH5QALMOSYNZTVXQ3HJ44UZPGD6M4IFXGA7ANTKR4": {
        "profit": -68.46487414336302,
        "algo": 22.437933,
        "asset": -50074230
    },
    "6ZCGMXZ4ZMOCR6IXH2ILJHAMF46TAPIJXAC2PQA3ERPHUUM7PX5T43SQAM": {
        "profit": 0,
        "algo": 5.0,
        "asset": 11713745
    },
    "U2HM74DGQLZWV4QSTCRADGREAY5W2XBSBVGCWIGHWTCDB5YZAW45W3QK2U": {
        "profit": 0,
        "algo": 14.0,
        "asset": 38920364
    },
    "JV4W4PLANAB2OWJZFS3C3CC3R7FQWYLG57ZFCQBRFVXGWECBOQQAOGP7JA": {
        "profit": 0,
        "algo": 15.0,
        "asset": 31155694
    },
    "5DUSTYLFHUJVZ4YPPVDV7R2EPGRNC3UXQFWIINCJWFLWBT6DZDC3S3VGKE": {
        "profit": 0,
        "algo": 50.0,
        "asset": 27221055
    },
    "ZNV3TYO7KDZBSDO2NYLHDLHPAPRV73EDU5PW6OHURDCFFWHKC5U6UIFA6Y": {
        "profit": 0,
        "algo": 20.0,
        "asset": 14409872
    },
    "33EBSE4M6TNJBLFL56VXXAII5MXM2ECM4M63QONI3FOKBD2WVJQAHSMZTA": {
        "profit": 0,
        "algo": 4.0,
        "asset": 7541552
    },
    "XGN3KPYVPBZSJPLDZDLUDODK25Z2JP2PAD6T6MYSAARANEJ2LNCXIDUT2A": {
        "profit": 0,
        "algo": 50.0,
        "asset": 40497861
    },
    "LWT6235B2XIVC3BB4ENQGD72S3QE5JJCWOZAUPBJ2PXPZGCAMXPFIG5UCM": {
        "profit": 0,
        "algo": 5.0,
        "asset": 12840574
    },
    "4GKFGHNS6772NXSYU4OTMJI3VBWLWCKSHOWTWDDAFTTUBNI2D3UVQG5WX4": {
        "profit": 0,
        "algo": 20.0,
        "asset": 4250350
    },
    "JTYEHXHK6GCNZ5PO67GEVUUTUR4U5F2XDFAZZ3JFOXYW4RP6QCDQAM5Y64": {
        "profit": 1.8126690095468714,
        "algo": -2.581557,
        "asset": -22130664
    },
    "GF5BWSVP6LMRTOTNWMZJPWCCNZ5BLHAAGHZN3IHRK7GBT53BIFEZT2MIMY": {
        "profit": 0,
        "algo": 3.0,
        "asset": 4439033
    },
    "ACTVHYX7SAZYMZX56T7C4KJCNNXPWV2DWW3YRUM2Y6JYOD4CSZZASFRWSA": {
        "profit": 0,
        "algo": 50.0,
        "asset": 18418794
    },
    "7BZP6NXEFDAWAGWEQBWULL6DR2Y6EVO4QMSACGAJTLSN5YZNEEXAFZ6ZF4": {
        "profit": 0,
        "algo": 10.0,
        "asset": 1991404
    },
    "4Q5CP3AKEVRKQF63UZJONXMHUR3L3QYFNTE4ZM2CORCITLQJEL53L75XEM": {
        "profit": 0,
        "algo": 2.0,
        "asset": 3159862
    },
    "M4VQ7C2KCIBN7QGNKSBK6KM5HQD5AO2HJUW52ZQPN6O55N7RYZ5TDMRSHU": {
        "profit": 0,
        "algo": 0.30000000000000004,
        "asset": 714779
    },
    "7N3C4SHKYUQVKDWUZCYZFTN2DDU22727NHRY2OJSUZCFR6HFXSFSOZWXPI": {
        "profit": 0,
        "algo": 10.0,
        "asset": 25060647
    },
    "WGMI4GRA7DXQ7OWGVQMZL4O5I7VW3LPRFSBWNRFRTSRSC2P3NUGKXUB6CE": {
        "profit": -0.30457999999999963,
        "algo": 0.30457999999999963,
        "asset": 0
    },
    "QF6XITB2NYZ6RQECISMZUN65SGJGPNSS4R7GUIYVNYSELJ6YU2KKHDUPPQ": {
        "profit": 0,
        "algo": 20.0,
        "asset": 53355084
    },
    "4VLLHGBWOYQFUEHDZP2LTF77B6KPN423APTNJQRTVL2MTTTV4OFLQZFMCI": {
        "profit": 0,
        "algo": 8.0,
        "asset": 6580662
    },
    "ZQAVYGPYCXNLJLVQ5OOMJARDP7LAIJFRN3EXGZKMHWAFZCT55B7355NA4Y": {
        "profit": -199.5005411651433,
        "algo": 9.500476,
        "asset": -32072372
    },
    "HIHUNL5LH2A5XOSDQNJ25FKIVRSDD6INTTBZOHYZAWCLM7YDSQJXTORNR4": {
        "profit": 0,
        "algo": 2.0,
        "asset": 6550174
    },
    "LO65R6DXZJQ5I3LL5YUHHZMJ35GUDK2H67OB3UT5YKZ5FFU53ZVPJM5FDU": {
        "profit": 0,
        "algo": 11.6,
        "asset": 28563405
    },
    "K2GJEHIBE2WO7UKYS37YRJJNBYEOPH3DXO2SBVVTGIUAEJWHTLGWMVDRHE": {
        "profit": 0,
        "algo": 10.0,
        "asset": 3529679
    }
}