{
    "FGAM2MIPJJD7CJSMS6N3DBJL2DA7KXLCBHKWXA3X6ZRJUDFADI5F6AVQPE": {
        "profit": 0,
        "algo": 11.0,
        "asset": 378
    },
    "LJE4V4P2UT6E3QNVBZVSRE6RTQ2U7NQ73RWMVEV54IMCJ5BTVKZICQVHLI": {
        "profit": -8.687777,
        "algo": 7.812777,
        "asset": -28
    },
    "OI7YYOCTHDKHL5LUZESUULFXEH2DFQMTLPCHNHXHJK6GKTES3MHBRJQQWU": {
        "profit": 0,
        "algo": 40.0,
        "asset": 240
    },
    "HSV5UTIAMED5L6BYZLD6MOECMKJRUOD375MER3CVFYWOEL2PTDYMK4RQWI": {
        "profit": 0,
        "algo": 154.39379,
        "asset": 1580138
    },
    "4GJCBBZFL7ZH54MJK65K6NRBMYRSH4VUPZEQ57H6JXCMLEU2P6BSHZHE3I": {
        "profit": 0.002,
        "algo": -0.002,
        "asset": -1580138
    }
}