{
    "FGAM2MIPJJD7CJSMS6N3DBJL2DA7KXLCBHKWXA3X6ZRJUDFADI5F6AVQPE": {
        "profit": 0,
        "algo": 10.0,
        "asset": 69337201863
    },
    "VBZDMVXEJG4XAAWKVVVWMIUXRSR2J5SIX6KWEYKJ4AXLVABLPO2KTZ7LZE": {
        "profit": 0,
        "algo": 10.0,
        "asset": 277432037061
    },
    "XBOMMMEOIUWEOPDKT4T5AVZY7F52X25GVKW2B4COREGMNYCLQ2GHFOUOM4": {
        "profit": -1.5396618414051904,
        "algo": 4.342376,
        "asset": 63776730951
    },
    "KOWM7THRBQB57Q2LIDORFIJ5FD2WL4S2L6G6CFEEYMME7MIGVO5J2MRZ7M": {
        "profit": 0,
        "algo": 5.0,
        "asset": 0
    },
    "OGSD2V4N4U3IY2UIZEBGHIBGB7ARUTD2H5B3PASHFGDKTGQQKVSSV4LVJE": {
        "profit": 0,
        "algo": 10.0,
        "asset": 376624115786
    },
    "2GUK3CTAMBXWEMIVU7PBEM5AHB4PMMCMSME5HYKMAK2KOQQPM4PEUFVQLQ": {
        "profit": 0,
        "algo": 4.0,
        "asset": 0
    },
    "TYM2VMBRKE32VP67WI7SBTKEGQEVNFQK4CZZ5DZUEISFM7VSTKBZES6PR4": {
        "profit": 0.0,
        "algo": 1.0,
        "asset": -22544000000
    },
    "ZNV3TYO7KDZBSDO2NYLHDLHPAPRV73EDU5PW6OHURDCFFWHKC5U6UIFA6Y": {
        "profit": 0,
        "algo": 5.0,
        "asset": 76886162718
    },
    "XPL3N2LHH3KRHLEM3Q3AERET3C3UOYGDK5S7L7CXI6WE5JNVRZUZ6W7LEM": {
        "profit": 0,
        "algo": 3.0,
        "asset": 86285987666
    },
    "VHOCZG3NCETZCFCSNCLTTNINGNYVORCFKLXUU3L677LWXHPLJEIMWXJNOY": {
        "profit": 0,
        "algo": 3.0,
        "asset": 52031751356
    },
    "WVJBCJ6Y574OD53JJBNO7LFZBBV7X5DJLCNWHRIPCUBRJJJNJEHPWAF6AE": {
        "profit": 0,
        "algo": 3.822648,
        "asset": 100000000000
    },
    "JOJCGKGTCDWOOHSF72G3SNY7KA35WP6PV5ABTKVRGG3J26NO22XTILU6TU": {
        "profit": 0.01774962897686949,
        "algo": 0.0,
        "asset": 402809097
    },
    "TQCBFZUD7KRD2ECYRDPT5GJCWSNPGYG5KJG66JUKFRLNJEXUSCD7JQXNS4": {
        "profit": 0,
        "algo": 2.101308,
        "asset": 50000000000
    },
    "M4VQ7C2KCIBN7QGNKSBK6KM5HQD5AO2HJUW52ZQPN6O55N7RYZ5TDMRSHU": {
        "profit": 0,
        "algo": 1.0,
        "asset": 17775830261
    },
    "EFKAOWQIQ6YDDLXQ57GEKDXKCJUFLXFACCAF72MCYG7DE5JSUTIOVLREUY": {
        "profit": 0,
        "algo": 2.0,
        "asset": 46775272621
    },
    "25N6FSQHVAFPD3TMEHQWRBQS5Y7YGNIBJLOPE76FTOSYNISQBKNXLIXJ5Y": {
        "profit": 0,
        "algo": 0.3,
        "asset": 0
    },
    "UVWMIFW6MFEZO6LDIOITX6DTMZ5U4DCXVR4JCBEOL3NHIFBDDTCW4HYKBM": {
        "profit": 0,
        "algo": 5.0,
        "asset": 109436980945
    },
    "YCERT25ZLEE5VQVZUXKKOMDF7SNMVNB4DXY2336EE7IERH4IDHENK3QKDU": {
        "profit": 0,
        "algo": 1.0,
        "asset": 22001716950
    },
    "XGWFADE2VNGWKUAG6GRY4TLNWUCNFZVW55WH7EAS4QELKWYA66LYITOHTM": {
        "profit": 0,
        "algo": 5.0,
        "asset": 10773738894
    },
    "5DUSTYLFHUJVZ4YPPVDV7R2EPGRNC3UXQFWIINCJWFLWBT6DZDC3S3VGKE": {
        "profit": 0,
        "algo": 3.0,
        "asset": 9205511082
    }
}