{
    "ZZZZZWEKY2QCFADDH34MBF5FWW47CGF5GVNSVCGBKP576LQC4YACIHYMXE": {
        "profit": 0.0,
        "algo": 0.0,
        "asset": -7
    },
    "RFFJZVK63IHJIQE4S5BEV2E7BYGOKK5WG2SLA4KY4NVNE65YVYXRE2IGWU": {
        "profit": 0,
        "algo": 22.0,
        "asset": 16696
    },
    "ZZZZZD546TR2Y54N437WSGGVI6X5RBXBDLWN74Z32ZDT233PIGNXTEQP5U": {
        "profit": 0.0,
        "algo": 0.0,
        "asset": -7
    },
    "ZZZZZYXVQ337VP7TV3QUQENORHEMOHMWDTC5YZPOWN7LACIU3RVUKPWWTM": {
        "profit": 0.0,
        "algo": 0.0,
        "asset": -7
    },
    "XGWFADE2VNGWKUAG6GRY4TLNWUCNFZVW55WH7EAS4QELKWYA66LYITOHTM": {
        "profit": 0,
        "algo": 2.0,
        "asset": 148
    }
}