{
    "LJE4V4P2UT6E3QNVBZVSRE6RTQ2U7NQ73RWMVEV54IMCJ5BTVKZICQVHLI": {
        "profit": 12.17817453691184,
        "algo": 0.0,
        "asset": 188523690610
    },
    "V6HCELH3P5MTGALNS6QPQAQ53VHIOT3PLLCZ4U3KMPBECZY2ONPINIAUDY": {
        "profit": -662.0593759769117,
        "algo": 62.910917,
        "asset": -820123548081
    },
    "XBOMMMEOIUWEOPDKT4T5AVZY7F52X25GVKW2B4COREGMNYCLQ2GHFOUOM4": {
        "profit": -2.093363040282302,
        "algo": 2.771898,
        "asset": 5924347718
    },
    "4GKFGHNS6772NXSYU4OTMJI3VBWLWCKSHOWTWDDAFTTUBNI2D3UVQG5WX4": {
        "profit": -43.20872828464379,
        "algo": 45.002241999999995,
        "asset": -370313950331
    },
    "JYS3PSYK7O3ORTLYYZFOK2DLCEUIVH4ZIS75DSCE2ML7K6ESGQJTR3S4AY": {
        "profit": -465.64668375352664,
        "algo": 9.860552,
        "asset": -106690663049
    },
    "LVYNY6AIETAW2BC53IVU7LLNC4HVZOI6Y5425WVB33CTQ2P7GOQUFZMRHI": {
        "profit": 15.918038979333975,
        "algo": -13.148944,
        "asset": 24454973770
    },
    "K2GJEHIBE2WO7UKYS37YRJJNBYEOPH3DXO2SBVVTGIUAEJWHTLGWMVDRHE": {
        "profit": -407.40877152777057,
        "algo": 40.647739,
        "asset": -764658321993
    },
    "JGJHHBC42B54UA6HS3377VVRQPJVV3XDVY2ZBLV6MJZK7BHT7K6ZCZNINM": {
        "profit": 0.0,
        "algo": 5.0,
        "asset": -76915750408
    },
    "ZVWBJI5Y3NVF4UBCVNEM2KIUZWVESAVLSPPPPTGWEJJHEM7IROJQ2XT4UM": {
        "profit": -97.91593510200181,
        "algo": 0.987509,
        "asset": -15035832604
    },
    "5LQ4JYKXHEKMSBVEZ3WU454T3SDM7GPVV3ZKVQCTFAPAQVJTC62PQA6HZM": {
        "profit": 0,
        "algo": 80.0,
        "asset": 1038750815817
    },
    "6C7QU4K2BTNLERWNR3EKEVTP3AH653DOJ74ZZYXIEH37BP3PG7OVCT6L24": {
        "profit": -2.848806822230387,
        "algo": 0.9661849999999998,
        "asset": -1971299390
    },
    "XPL3N2LHH3KRHLEM3Q3AERET3C3UOYGDK5S7L7CXI6WE5JNVRZUZ6W7LEM": {
        "profit": 0,
        "algo": 3.0,
        "asset": 25344691638
    },
    "VAOF7WYDOPVDBDNM5GJBMI2WW47Y7MW4RWLIMTTI6ZLZNFEQKTQZVFSXH4": {
        "profit": -20.173493806468233,
        "algo": 0.2790559999999984,
        "asset": -42750859464
    },
    "ACTVHYX7SAZYMZX56T7C4KJCNNXPWV2DWW3YRUM2Y6JYOD4CSZZASFRWSA": {
        "profit": -479.1905223278653,
        "algo": 93.791105,
        "asset": -392627959393
    },
    "M4VQ7C2KCIBN7QGNKSBK6KM5HQD5AO2HJUW52ZQPN6O55N7RYZ5TDMRSHU": {
        "profit": 0,
        "algo": 0.8,
        "asset": 5244836786
    },
    "LWT6235B2XIVC3BB4ENQGD72S3QE5JJCWOZAUPBJ2PXPZGCAMXPFIG5UCM": {
        "profit": 0,
        "algo": 66.0,
        "asset": 528010323043
    },
    "YET3USQ6NQDD5QBCJ2IOL2MDN2HORNNDSFS6UMZD4AHL3KBEP3N27VQECM": {
        "profit": 0,
        "algo": 5.0,
        "asset": 41397156694
    },
    "46BRGJLSIFRF5IEK2ECOFWUX7JGIJIWBOP4HMAQB4S6RXLNB2Y56M6SUOM": {
        "profit": 0,
        "algo": 0.8,
        "asset": 4914109213
    },
    "Y6V64WNMH4FCZMRWQTNR3H23R5QUSX4YNYWCAPTSNVJ5XIZZ6QPC53MDEE": {
        "profit": -2110.452876564337,
        "algo": 19.835022,
        "asset": -189970863634
    }
}