{
    "LPZW3S5C6SEBQSRNCIGZNBDWZR552VY4ZRJBH27E65SJNFPB3MKTH3RNVY": {
        "profit": 0,
        "algo": 5.0,
        "asset": 184851
    },
    "553XCIM2USPX6D4OYYQM6SY5ATSTADSUX25PKKHO4IZHVRD5YDKCJHHLWA": {
        "profit": 0,
        "algo": 9.072986,
        "asset": 330781
    },
    "33EBSE4M6TNJBLFL56VXXAII5MXM2ECM4M63QONI3FOKBD2WVJQAHSMZTA": {
        "profit": 0,
        "algo": 1.0,
        "asset": 21748
    },
    "EIFDCXK5HAC32NJA665J2CFBNRRXVWZI3RYLXOVUS4IKYPMOQWYDRZHQZY": {
        "profit": 0,
        "algo": 7.0,
        "asset": 249744
    }
}