{
    "DZOEMQ7DWKWEEU7CKUPQ4D7VLRAMHZDBV67EDSIIQTVL2HZ7AEJSCVTLZY": {
        "profit": 0,
        "algo": 8.0,
        "asset": 763176
    },
    "UBAZS6OD3JPK3N7MA7NCNFHWQAJUWPALDIGNZIHWXNOBWGZ3MM2MUBVBK4": {
        "profit": -1.2391520000000043,
        "algo": 1.2391520000000043,
        "asset": 0
    },
    "33EBSE4M6TNJBLFL56VXXAII5MXM2ECM4M63QONI3FOKBD2WVJQAHSMZTA": {
        "profit": 0,
        "algo": 2.0,
        "asset": 109013
    },
    "ILUNKW2CIXFWWO7AJJS5L7WI45FRE3YKJDK5FAUWWKSSETRGTNH5UNXI7M": {
        "profit": 0,
        "algo": 209.633061,
        "asset": 63244553
    }
}