{
    "ZZZZZWEKY2QCFADDH34MBF5FWW47CGF5GVNSVCGBKP576LQC4YACIHYMXE": {
        "profit": 0.09990005049657644,
        "algo": 0.1,
        "asset": -14940078
    },
    "F6CE7NUPJLVNXXSU5I5U2I36Z2I6NTA3E6TEGSMK3P2KJC6A4KOHMLPTEI": {
        "profit": 0,
        "algo": 71.0,
        "asset": 3901426527
    },
    "ZZZZZYXVQ337VP7TV3QUQENORHEMOHMWDTC5YZPOWN7LACIU3RVUKPWWTM": {
        "profit": 0.0,
        "algo": 0.0,
        "asset": -7466319
    },
    "XHOJG45WBWU2TU5ZMT52B4EYS3VABFGXFF27VWPNAX744EYHO37BRSC6VE": {
        "profit": 0,
        "algo": 5.0,
        "asset": 199114268
    }
}