{
    "OESKOQXDW3UDJERCY6TYWMRD4D5ET74F6LZ3DRHGU3ONBCKYQUXZ3C7PHY": {
        "profit": 0,
        "algo": 0.1,
        "asset": 125660152696
    },
    "4VLLHGBWOYQFUEHDZP2LTF77B6KPN423APTNJQRTVL2MTTTV4OFLQZFMCI": {
        "profit": 0,
        "algo": 2.0,
        "asset": 746737909687
    },
    "33EBSE4M6TNJBLFL56VXXAII5MXM2ECM4M63QONI3FOKBD2WVJQAHSMZTA": {
        "profit": 0,
        "algo": 2.0,
        "asset": 248912636562
    },
    "2CL56WGM47XDOYCPVXLH7DAN7TKVP5MS25B7UVJHBFKDHRYV4L2MGEL3HA": {
        "profit": 0,
        "algo": 2.0,
        "asset": 824523815933
    },
    "GF5BWSVP6LMRTOTNWMZJPWCCNZ5BLHAAGHZN3IHRK7GBT53BIFEZT2MIMY": {
        "profit": 0,
        "algo": 2.0,
        "asset": 2178440235214
    },
    "Z5BXV2BZSUG33XAWPHWG6N2BIJYCF4TIPENTV7GXBIDKD754MSJORP52LM": {
        "profit": 0,
        "algo": 0.5,
        "asset": 281881432414
    },
    "DECIZ2ILEVERU7AEBA56SHNGACYNM2EJEQXJ66TVJWYXU2OTMLCKQRUCJE": {
        "profit": 0,
        "algo": 3.0,
        "asset": 332750488789
    }
}