{
    "CDY2KDHQPN4FH5YNIJXMRMCO43KDEARQDUXK3UJIAJAKHJ6NHWOJTBLOQE": {
        "profit": -4.467627285708131,
        "algo": 0.18191299999999977,
        "asset": -298405433187
    },
    "ZZZZZYXVQ337VP7TV3QUQENORHEMOHMWDTC5YZPOWN7LACIU3RVUKPWWTM": {
        "profit": 0.0,
        "algo": 0.0,
        "asset": -10372473420
    },
    "ZZZZZWEKY2QCFADDH34MBF5FWW47CGF5GVNSVCGBKP576LQC4YACIHYMXE": {
        "profit": 0.0,
        "algo": 0.0,
        "asset": -10381104182
    },
    "ZZZZZQNN4ZVKXEO5BEMQPX7HIKWNDE6G4PU4SA4WYNX26YJF6LYXHGU6OI": {
        "profit": 0.0,
        "algo": 0.0,
        "asset": -10363853422
    }
}