{
    "ZZZZZQNN4ZVKXEO5BEMQPX7HIKWNDE6G4PU4SA4WYNX26YJF6LYXHGU6OI": {
        "profit": 0.0,
        "algo": 0.0,
        "asset": -4984
    },
    "GQN66T6L2YZ74JYVB23JGZ22HURE7KCBJSBDSAHYOCCU5HEM4WM2DW7Y2I": {
        "profit": 0,
        "algo": 10.887,
        "asset": 533987
    },
    "ZZZZZWEKY2QCFADDH34MBF5FWW47CGF5GVNSVCGBKP576LQC4YACIHYMXE": {
        "profit": 0.0,
        "algo": 0.0,
        "asset": -4982
    },
    "ZZZZZYXVQ337VP7TV3QUQENORHEMOHMWDTC5YZPOWN7LACIU3RVUKPWWTM": {
        "profit": 0.0,
        "algo": 0.0,
        "asset": -4983
    },
    "CLF6DNS5GXJVGNX4SZ4CMGP3LMPHO7X6UWMAUZKFOL2YR7M2T7KQYNGXSE": {
        "profit": 0,
        "algo": 7.0,
        "asset": 337449
    }
}