{
    "IRCGQMHO6KGQTOVCMIBDQ5LITUMBSCKEGFFS562TCDCJQVDLBGBFXVTOOA": {
        "profit": -7.969665,
        "algo": 3.969665,
        "asset": -5180268
    },
    "XBOMMMEOIUWEOPDKT4T5AVZY7F52X25GVKW2B4COREGMNYCLQ2GHFOUOM4": {
        "profit": 0,
        "algo": 5.0,
        "asset": 6463720
    },
    "XHOJG45WBWU2TU5ZMT52B4EYS3VABFGXFF27VWPNAX744EYHO37BRSC6VE": {
        "profit": 0,
        "algo": 200.0,
        "asset": 472888381
    },
    "LJE4V4P2UT6E3QNVBZVSRE6RTQ2U7NQ73RWMVEV54IMCJ5BTVKZICQVHLI": {
        "profit": 0,
        "algo": 25.0,
        "asset": 53488639
    },
    "KNPDGBRURZNP4QCOZC5MPWDMR6EC7G6B36NA4ONE2JD3WZ7KX45P2T2P6Y": {
        "profit": 0,
        "algo": 5182.90029,
        "asset": 8062256748
    },
    "DSOXIBJPMZ2RPX43ALW64YDLVUFTJLK2UIOE6TTV4CB4IWUSKMNRB2ZCI4": {
        "profit": 0.002,
        "algo": -0.002,
        "asset": -8062256748
    }
}