{
    "ZZZZZWEKY2QCFADDH34MBF5FWW47CGF5GVNSVCGBKP576LQC4YACIHYMXE": {
        "profit": 0.0,
        "algo": 0.0,
        "asset": -6253
    },
    "KENIXZ5XXRL6KJNBCLALUCVU2ZYEVJJHCQAQEKFW5SFWGJUKTF52VD7IKY": {
        "profit": 0,
        "algo": 48.0,
        "asset": 25248815
    },
    "ZZZZZD546TR2Y54N437WSGGVI6X5RBXBDLWN74Z32ZDT233PIGNXTEQP5U": {
        "profit": 0.0,
        "algo": 0.0,
        "asset": -6254
    },
    "ZZZZZYXVQ337VP7TV3QUQENORHEMOHMWDTC5YZPOWN7LACIU3RVUKPWWTM": {
        "profit": 0.0,
        "algo": 0.0,
        "asset": -6253
    },
    "JG542A5FYX66GP6CP6FW3737WIDUX53IZVZRAJJMPTEQBRXM32HB63I5EE": {
        "profit": 0,
        "algo": 5.893545,
        "asset": 2734085
    }
}