{
    "25N6FSQHVAFPD3TMEHQWRBQS5Y7YGNIBJLOPE76FTOSYNISQBKNXLIXJ5Y": {
        "profit": 0,
        "algo": 0.3,
        "asset": 0
    },
    "2GUK3CTAMBXWEMIVU7PBEM5AHB4PMMCMSME5HYKMAK2KOQQPM4PEUFVQLQ": {
        "profit": 0.0,
        "algo": 5.0,
        "asset": -3420090000000
    },
    "SQDB374VPN4IGCVCT6XHTAPZNW23HQSEJOMEF5XZVT5PD44N5PDCJ7NQKE": {
        "profit": 0,
        "algo": 5.0,
        "asset": 4020286555547
    },
    "YQ4NUIMNMKG7LCRSLV6MTP2IRHAIL3PF46C5GVFOHWYGXIX3SQIVOZFIHU": {
        "profit": 0,
        "algo": 0.02,
        "asset": 16482052181
    }
}