{
    "YCERT25ZLEE5VQVZUXKKOMDF7SNMVNB4DXY2336EE7IERH4IDHENK3QKDU": {
        "profit": 0,
        "algo": 1.0,
        "asset": 843785397
    },
    "LPZW3S5C6SEBQSRNCIGZNBDWZR552VY4ZRJBH27E65SJNFPB3MKTH3RNVY": {
        "profit": 0,
        "algo": 1.0,
        "asset": 827425314
    },
    "R7MY3XO3YO6EGRADHIH7YVQA3M65ASEEEWKN2ZVAZDDGOOE4PVUCLIVSCM": {
        "profit": 0,
        "algo": 3.0,
        "asset": 2202632230
    },
    "XHOJG45WBWU2TU5ZMT52B4EYS3VABFGXFF27VWPNAX744EYHO37BRSC6VE": {
        "profit": 0,
        "algo": 5.0,
        "asset": 3676334689
    }
}