{
    "VVVB3XGJRK4IOPTN46D2WUDUKYXYIRHSFN7YGL4EQ3OMDFWSXWVORC3B24": {
        "profit": -0.15434223052991136,
        "algo": 0.10409100000000038,
        "asset": -607971
    },
    "4GKFGHNS6772NXSYU4OTMJI3VBWLWCKSHOWTWDDAFTTUBNI2D3UVQG5WX4": {
        "profit": -297.0168969495339,
        "algo": 27.016887,
        "asset": -298506458
    },
    "42KCY3TOG3D4KUXTGTHYZYWKJSG4KG7PDMN2ABNZOV6ADJMMLDWPPDJXEU": {
        "profit": 0,
        "algo": 0.1,
        "asset": 1126233
    },
    "33EBSE4M6TNJBLFL56VXXAII5MXM2ECM4M63QONI3FOKBD2WVJQAHSMZTA": {
        "profit": 0,
        "algo": 3.0,
        "asset": 3707191
    }
}