{
    "ZZZZZD546TR2Y54N437WSGGVI6X5RBXBDLWN74Z32ZDT233PIGNXTEQP5U": {
        "profit": 0.0,
        "algo": 0.0,
        "asset": -335923902
    },
    "ZZZZZWEKY2QCFADDH34MBF5FWW47CGF5GVNSVCGBKP576LQC4YACIHYMXE": {
        "profit": 0.0,
        "algo": 0.0,
        "asset": -3360796920
    },
    "ZZZZZYXVQ337VP7TV3QUQENORHEMOHMWDTC5YZPOWN7LACIU3RVUKPWWTM": {
        "profit": 0.0,
        "algo": 0.0,
        "asset": -3363628481
    },
    "PTP2322AUSH5NILNUNYRZAAQQPHLOQV3BW23ZTFY4SNSYFLALTJFQW2WGE": {
        "profit": 0,
        "algo": 2.0,
        "asset": 66672323645
    },
    "JXKVVEHSR7IH2XIZBCE565R74CBONH4VWHGPIEERSP2EJLIWGYTSY7GKCQ": {
        "profit": 0,
        "algo": 0.8,
        "asset": 26252293688
    }
}