{
    "XBOMMMEOIUWEOPDKT4T5AVZY7F52X25GVKW2B4COREGMNYCLQ2GHFOUOM4": {
        "profit": -72.11790329031213,
        "algo": 16.472742,
        "asset": -4122800702370
    },
    "YUUCHV6DMBDKJHO7SPPQW2CTSSM624YWBIJHFTI6N7EKXRMCXYVNGQYCLA": {
        "profit": 4.635208694588565,
        "algo": -4.974596,
        "asset": -1261505943696
    },
    "LJE4V4P2UT6E3QNVBZVSRE6RTQ2U7NQ73RWMVEV54IMCJ5BTVKZICQVHLI": {
        "profit": -21.188529000000003,
        "algo": 6.188529000000001,
        "asset": -1588379300152
    },
    "NNY42HTVTYFEP7NB5ZE3JF2D4JERTS3OL2W6PIX7FAQILOFXONRY5BUJBI": {
        "profit": 0,
        "algo": 343.267074,
        "asset": 157249800771
    },
    "JZ6GY66F646MWBS63SBYB7HSBQ36CI5NNLMWCXR3QNHAVZSHJ3E7FF2H2I": {
        "profit": 0.002,
        "algo": -0.002,
        "asset": -157249800771
    },
    "VSGOCSBX2MA7NTQ22MRBZRKVTTCQAHXDCNICUSIX2ZG2KBCZSMCLQCNTOM": {
        "profit": -2.0659162510469407,
        "algo": 2.490365,
        "asset": 74211604358
    },
    "L67ZLECIFAPXQODTJT4SRMFDTMNSNBBZY3KMO6MF5MTWFERFF5ICXQG3GQ": {
        "profit": 0,
        "algo": 50.0,
        "asset": 4405418408494
    },
    "Z7IR5CA4L5PYYYN7N6TBYNXJGOFPWOWEL5JSFDCVUPXD323KDIIS5PA7GQ": {
        "profit": 0,
        "algo": 10.0,
        "asset": 1926010780236
    }
}