{
    "CDY2KDHQPN4FH5YNIJXMRMCO43KDEARQDUXK3UJIAJAKHJ6NHWOJTBLOQE": {
        "profit": 0,
        "algo": 10.0,
        "asset": 3403689348580
    },
    "CBJQ7JJKGT7IBWOWRXQDTZWMGUNZGDZTGTYIVQ426CRLRIJ462ZNTK5AIA": {
        "profit": 0,
        "algo": 20.0,
        "asset": 6931222154117
    },
    "47RKDMTLOTWULGCSRKIIRRE33RDYY5GJ3IPVUPW7PQKDSBOFF4HWNS6SGQ": {
        "profit": 0,
        "algo": 14.0,
        "asset": 4366525509565
    },
    "YET3USQ6NQDD5QBCJ2IOL2MDN2HORNNDSFS6UMZD4AHL3KBEP3N27VQECM": {
        "profit": 0,
        "algo": 5.0,
        "asset": 1927143041483
    },
    "M7I76ZJCAF5B65MBOPUCJ6S73RBQJZMZE6TE7V5QLG6PNKT6YS7CUSMUCE": {
        "profit": 0,
        "algo": 113.0,
        "asset": 23325179837659
    },
    "4Q5CP3AKEVRKQF63UZJONXMHUR3L3QYFNTE4ZM2CORCITLQJEL53L75XEM": {
        "profit": -1.245993,
        "algo": 0.24599300000000002,
        "asset": -176574656026
    },
    "LWT6235B2XIVC3BB4ENQGD72S3QE5JJCWOZAUPBJ2PXPZGCAMXPFIG5UCM": {
        "profit": 0,
        "algo": 10.0,
        "asset": 2728964917667
    },
    "OHKICKKAHCD6HQXXZ5AEYE45RZ5VLQRXCKVXQ4ZYEOUGV6AFI6QOAMHJKI": {
        "profit": 0,
        "algo": 20.0,
        "asset": 2604947603072
    },
    "M4VQ7C2KCIBN7QGNKSBK6KM5HQD5AO2HJUW52ZQPN6O55N7RYZ5TDMRSHU": {
        "profit": 0,
        "algo": 0.2,
        "asset": 32432430798
    },
    "LJE4V4P2UT6E3QNVBZVSRE6RTQ2U7NQ73RWMVEV54IMCJ5BTVKZICQVHLI": {
        "profit": 0,
        "algo": 11.0,
        "asset": 1910367082224
    }
}