{
    "YUUCHV6DMBDKJHO7SPPQW2CTSSM624YWBIJHFTI6N7EKXRMCXYVNGQYCLA": {
        "profit": -9.313387327972181,
        "algo": 6.813496000000001,
        "asset": -11502
    },
    "QRPO66LBBBQIALOWRIVT3RZEY53PUYQYC6IVMYCENNK3VOKBX65UBTZ3WQ": {
        "profit": 0,
        "algo": 20.0,
        "asset": 5000
    },
    "L67ZLECIFAPXQODTJT4SRMFDTMNSNBBZY3KMO6MF5MTWFERFF5ICXQG3GQ": {
        "profit": -27.72697000721753,
        "algo": 18.749235,
        "asset": -10262
    },
    "COCK2FMPN73OHQS7U535AW6LDZ2VAJUBB7X2APUFAMX2QHY3L3PN4WZN6Q": {
        "profit": 37.618265,
        "algo": -37.618265,
        "asset": -99954
    },
    "FGAM2MIPJJD7CJSMS6N3DBJL2DA7KXLCBHKWXA3X6ZRJUDFADI5F6AVQPE": {
        "profit": 0,
        "algo": 5.0,
        "asset": 6211
    },
    "SONICHI2A5Y6RAVHYM4Q4VT562B6KBVHYNYBLBUM57CX63Z5NRFSTOPP6E": {
        "profit": 47.25545396328495,
        "algo": -60.028918999999995,
        "asset": -599278
    },
    "ACTVHYX7SAZYMZX56T7C4KJCNNXPWV2DWW3YRUM2Y6JYOD4CSZZASFRWSA": {
        "profit": 0,
        "algo": 5.0,
        "asset": 690
    },
    "VBZDMVXEJG4XAAWKVVVWMIUXRSR2J5SIX6KWEYKJ4AXLVABLPO2KTZ7LZE": {
        "profit": 0.9267293034849722,
        "algo": 0.0,
        "asset": 7733
    },
    "VAOF7WYDOPVDBDNM5GJBMI2WW47Y7MW4RWLIMTTI6ZLZNFEQKTQZVFSXH4": {
        "profit": 2.320994825219136,
        "algo": 5.0,
        "asset": 83187
    },
    "Y6V64WNMH4FCZMRWQTNR3H23R5QUSX4YNYWCAPTSNVJ5XIZZ6QPC53MDEE": {
        "profit": -1236.091356332647,
        "algo": 19.840069,
        "asset": -118098
    },
    "25N6FSQHVAFPD3TMEHQWRBQS5Y7YGNIBJLOPE76FTOSYNISQBKNXLIXJ5Y": {
        "profit": 0,
        "algo": 0.5,
        "asset": 0
    },
    "AR7TJWQCEL4STAV5AJ2NQHKE2WBDD4HFHF27MRH6EVC4ELFTG3GK54GVP4": {
        "profit": 0,
        "algo": 5.0,
        "asset": 23419
    }
}