{
    "IRCGQMHO6KGQTOVCMIBDQ5LITUMBSCKEGFFS562TCDCJQVDLBGBFXVTOOA": {
        "profit": -14.901407797195997,
        "algo": 4.901813,
        "asset": -24678
    },
    "7QVXX2QQLB55GKVU4BSPL5YB2PIR22L6HRY3KXD3PBARD6KNQXDJIFCA5E": {
        "profit": -2.972267,
        "algo": 2.972267,
        "asset": 0
    },
    "V6HCELH3P5MTGALNS6QPQAQ53VHIOT3PLLCZ4U3KMPBECZY2ONPINIAUDY": {
        "profit": -100.01453401455302,
        "algo": 9.999981,
        "asset": -43297
    },
    "LJE4V4P2UT6E3QNVBZVSRE6RTQ2U7NQ73RWMVEV54IMCJ5BTVKZICQVHLI": {
        "profit": 0,
        "algo": 10.0,
        "asset": 46942
    },
    "DDDDDDPYVYA4NBYS5AIXCWO4BNI4OL5WWKIOJH6ZAYBAUHPM5VGQMQAENI": {
        "profit": -10.109193679612897,
        "algo": 10.0,
        "asset": -510
    },
    "NY24BS55KSWXHAVZBCZQIHWERRCZNNYK6SSUHTJ5PUHQWKSDWRANXS7ZDM": {
        "profit": 0,
        "algo": 1031.543933,
        "asset": 70709678
    },
    "6I5OLKXHEOUBL3AQRATUC5WKPFV2KQX2K3WOZH3CMIKZNZXL3VIGVQR3EA": {
        "profit": 0.002,
        "algo": -0.002,
        "asset": -70709678
    }
}