{
    "ZZZZZYXVQ337VP7TV3QUQENORHEMOHMWDTC5YZPOWN7LACIU3RVUKPWWTM": {
        "profit": 0.0,
        "algo": 0.0,
        "asset": -474700285
    },
    "ZZZZZWEKY2QCFADDH34MBF5FWW47CGF5GVNSVCGBKP576LQC4YACIHYMXE": {
        "profit": 0.0,
        "algo": 0.0,
        "asset": -504029204
    },
    "J4BJWP67LHXT7LQTWZYWJGNSB25VZMO6SFZPKBSY7HJUCXJIFVE2PEOTVA": {
        "profit": 0,
        "algo": 0.258237,
        "asset": 1305958850
    },
    "ZZZZZQNN4ZVKXEO5BEMQPX7HIKWNDE6G4PU4SA4WYNX26YJF6LYXHGU6OI": {
        "profit": 0.0,
        "algo": 0.0,
        "asset": -486561026
    }
}