{
    "CDY2KDHQPN4FH5YNIJXMRMCO43KDEARQDUXK3UJIAJAKHJ6NHWOJTBLOQE": {
        "profit": -1.141394279369207,
        "algo": -3.1443200000000004,
        "asset": -289473939
    },
    "ZZZZZWEKY2QCFADDH34MBF5FWW47CGF5GVNSVCGBKP576LQC4YACIHYMXE": {
        "profit": 0.0,
        "algo": 0.0,
        "asset": -99699
    },
    "F7PXO3XFJWRKQA2566ALQX4QMLS6QR6MAJRNC4ZX6P475JTQLRDIUSOANI": {
        "profit": 0,
        "algo": 46.231,
        "asset": 3757507460
    },
    "ZZZZZYXVQ337VP7TV3QUQENORHEMOHMWDTC5YZPOWN7LACIU3RVUKPWWTM": {
        "profit": 0.0,
        "algo": 0.0,
        "asset": -99699
    },
    "ZZZZZD546TR2Y54N437WSGGVI6X5RBXBDLWN74Z32ZDT233PIGNXTEQP5U": {
        "profit": 0.0,
        "algo": 0.0,
        "asset": -99698
    },
    "33EBSE4M6TNJBLFL56VXXAII5MXM2ECM4M63QONI3FOKBD2WVJQAHSMZTA": {
        "profit": 0,
        "algo": 1.0,
        "asset": 42327963
    },
    "U2HM74DGQLZWV4QSTCRADGREAY5W2XBSBVGCWIGHWTCDB5YZAW45W3QK2U": {
        "profit": 0,
        "algo": 2.0,
        "asset": 48971423
    }
}