{
    "25N6FSQHVAFPD3TMEHQWRBQS5Y7YGNIBJLOPE76FTOSYNISQBKNXLIXJ5Y": {
        "profit": 0,
        "algo": 0.2,
        "asset": 0
    },
    "33EBSE4M6TNJBLFL56VXXAII5MXM2ECM4M63QONI3FOKBD2WVJQAHSMZTA": {
        "profit": 0,
        "algo": 1.0,
        "asset": 77167980406
    },
    "4F3RJ2KK4UBGW67F2KMKBUQL537OQEQOHC5CFO3YWYPRGOK67X6B5IRQGE": {
        "profit": 0,
        "algo": 2.0,
        "asset": 1517972477287
    },
    "4Q5CP3AKEVRKQF63UZJONXMHUR3L3QYFNTE4ZM2CORCITLQJEL53L75XEM": {
        "profit": 0,
        "algo": 0.5,
        "asset": 188872415767
    }
}