{
    "XBOMMMEOIUWEOPDKT4T5AVZY7F52X25GVKW2B4COREGMNYCLQ2GHFOUOM4": {
        "profit": 0,
        "algo": 5.0,
        "asset": 661821
    },
    "KOWM7THRBQB57Q2LIDORFIJ5FD2WL4S2L6G6CFEEYMME7MIGVO5J2MRZ7M": {
        "profit": 0.0,
        "algo": 5.0,
        "asset": -2131867
    },
    "IJUOCKEUI3RBGW3OIVXP7SSAIPK5ZWJCXPJYO3V26O7UR4KGZ36D467AYE": {
        "profit": 0,
        "algo": 1.0,
        "asset": 425582
    },
    "P4N54ISWBMPHUDYCSHZXMN6OAYQGDYE5N3ANCHGW22K2K6764ZYKUDLO4Q": {
        "profit": 0,
        "algo": 1.0,
        "asset": 423878
    },
    "33EBSE4M6TNJBLFL56VXXAII5MXM2ECM4M63QONI3FOKBD2WVJQAHSMZTA": {
        "profit": 0,
        "algo": 5.0,
        "asset": 212762
    },
    "ZQ3ZZRDR4PUC4MJHMM5RLH6LDFRZGK7PLK5XZVY7Z4AOEQ3KPC6SHM2MWI": {
        "profit": 0,
        "algo": 0.5,
        "asset": 210770
    },
    "3MA3XVKL42FXW6UV6PSZYNLJIAGIFQMDOU3DFPVWFY66ES5P4MU2SFMTM4": {
        "profit": -1.0761376838059613,
        "algo": 0.5205830000000002,
        "asset": -212429
    },
    "HFKXHXLHMBBVEMZMRU6J3GTMF33DRITOEJ2ZW5Z5FXTJXCZQCH5FKYWOW4": {
        "profit": 0,
        "algo": 10.0,
        "asset": 4218345
    },
    "YET3USQ6NQDD5QBCJ2IOL2MDN2HORNNDSFS6UMZD4AHL3KBEP3N27VQECM": {
        "profit": 0,
        "algo": 10.0,
        "asset": 4218339
    },
    "IE6VXLKJ52A3OPBRRPRKLZ4DEMR2HM572WQ6GGZQKINDCUNBZRNZLO3AJU": {
        "profit": 0,
        "algo": 1.0,
        "asset": 421174
    }
}