{
    "BHGCKEERJAVMGLLV6BWWCPVL5TJP77GV2ZBPIFUO3HILMTV7GY6VIVRBMY": {
        "profit": 0,
        "algo": 10.0,
        "asset": 2035965428
    },
    "AACCDJTFPQR5UQJZ337NFR56CC44T776EWBGVJG5NY2QFTQWBWTALTEN4A": {
        "profit": 1.9950647273000461,
        "algo": -5.799391,
        "asset": -15170681227
    },
    "J4BJWP67LHXT7LQTWZYWJGNSB25VZMO6SFZPKBSY7HJUCXJIFVE2PEOTVA": {
        "profit": 4.015827226619589,
        "algo": -15.579233999999996,
        "asset": -31809752239
    },
    "FGAM2MIPJJD7CJSMS6N3DBJL2DA7KXLCBHKWXA3X6ZRJUDFADI5F6AVQPE": {
        "profit": 0,
        "algo": 1.0,
        "asset": 2819294865
    },
    "XBOMMMEOIUWEOPDKT4T5AVZY7F52X25GVKW2B4COREGMNYCLQ2GHFOUOM4": {
        "profit": 0,
        "algo": 10.0,
        "asset": 5157647761
    },
    "IYKOOGJWCSOTU774Q7LM4CAT7F7Q67FASWNGDZK2GBHZSWQLCSLXATRWUY": {
        "profit": 0,
        "algo": 3.0,
        "asset": 1930064467
    },
    "7QVXX2QQLB55GKVU4BSPL5YB2PIR22L6HRY3KXD3PBARD6KNQXDJIFCA5E": {
        "profit": 0,
        "algo": 2.0,
        "asset": 4630252905
    },
    "ZZZZZQNN4ZVKXEO5BEMQPX7HIKWNDE6G4PU4SA4WYNX26YJF6LYXHGU6OI": {
        "profit": 0.0,
        "algo": 0.0,
        "asset": -427299801
    },
    "ZZZZZYXVQ337VP7TV3QUQENORHEMOHMWDTC5YZPOWN7LACIU3RVUKPWWTM": {
        "profit": 0.0,
        "algo": 0.0,
        "asset": -442645026
    },
    "ZZZZZWEKY2QCFADDH34MBF5FWW47CGF5GVNSVCGBKP576LQC4YACIHYMXE": {
        "profit": 0.0,
        "algo": 0.0,
        "asset": -432868826
    },
    "K4VE6GVY4LTAGIR6MLVHO5JOJWJCWRTZMTJNTJQZNXL6HPIT4EZPJOQE64": {
        "profit": 0,
        "algo": 1.0,
        "asset": 2672141394
    },
    "HFKXHXLHMBBVEMZMRU6J3GTMF33DRITOEJ2ZW5Z5FXTJXCZQCH5FKYWOW4": {
        "profit": 0,
        "algo": 0.5,
        "asset": 1344544172
    }
}