{
    "JGJHHBC42B54UA6HS3377VVRQPJVV3XDVY2ZBLV6MJZK7BHT7K6ZCZNINM": {
        "profit": 0,
        "algo": 0.5,
        "asset": 1663329996
    },
    "LPZW3S5C6SEBQSRNCIGZNBDWZR552VY4ZRJBH27E65SJNFPB3MKTH3RNVY": {
        "profit": 0,
        "algo": 2.0,
        "asset": 1904212932
    },
    "33EBSE4M6TNJBLFL56VXXAII5MXM2ECM4M63QONI3FOKBD2WVJQAHSMZTA": {
        "profit": 0,
        "algo": 0.2,
        "asset": 77210342
    },
    "UDDF7GDABD272Z3I3VFYISF3C6AIQHL64XSEP364IYCAINR3A5JE4LTJZM": {
        "profit": 0,
        "algo": 1.0,
        "asset": 1294510208
    }
}