{
    "ZZZZZWEKY2QCFADDH34MBF5FWW47CGF5GVNSVCGBKP576LQC4YACIHYMXE": {
        "profit": 0.0,
        "algo": 0.0,
        "asset": -7556980
    },
    "ZZZZZYXVQ337VP7TV3QUQENORHEMOHMWDTC5YZPOWN7LACIU3RVUKPWWTM": {
        "profit": 0.0,
        "algo": 0.0,
        "asset": -9066108
    },
    "SXRDJNHLCMPYXTJI7KPSZM3MBNHATIEK5PCV254LYMBMUGSYPKJGBVRVFM": {
        "profit": -0.5353616564248215,
        "algo": -0.012806000000000001,
        "asset": -6369160
    },
    "ZZZZZD546TR2Y54N437WSGGVI6X5RBXBDLWN74Z32ZDT233PIGNXTEQP5U": {
        "profit": 0.0,
        "algo": 0.0,
        "asset": -687015
    }
}