{
    "OHKICKKAHCD6HQXXZ5AEYE45RZ5VLQRXCKVXQ4ZYEOUGV6AFI6QOAMHJKI": {
        "profit": 0,
        "algo": 20.0,
        "asset": 22075974692
    },
    "LWT6235B2XIVC3BB4ENQGD72S3QE5JJCWOZAUPBJ2PXPZGCAMXPFIG5UCM": {
        "profit": 0,
        "algo": 5.0,
        "asset": 9030439407
    },
    "SONICHI2A5Y6RAVHYM4Q4VT562B6KBVHYNYBLBUM57CX63Z5NRFSTOPP6E": {
        "profit": 36.258874,
        "algo": -36.258874,
        "asset": -112640821201
    },
    "4IRSDIDJQODQF4HPIXGDWIHSO46FWZGACMNBOQO2OCUKH5TUK65NCVWOII": {
        "profit": 15.088308,
        "algo": -5.088308,
        "asset": -30764904853
    },
    "YGWCIOGK3FAVNKD7OJLTMEGWH7KCW4ILBCGZHI6SZQSLNLKYBGYDBESAMU": {
        "profit": 0,
        "algo": 10.0,
        "asset": 0
    },
    "DXVLUJEWEUMEBIWS44HUZW6MW2FHEUD3N5HGGYMLZBVIGG4NB7WFLTQWNQ": {
        "profit": 0,
        "algo": 7.0,
        "asset": 16700745745
    },
    "4VLLHGBWOYQFUEHDZP2LTF77B6KPN423APTNJQRTVL2MTTTV4OFLQZFMCI": {
        "profit": 0,
        "algo": 3.0,
        "asset": 3378488393
    },
    "GLLORY6ET4F4TAUW3MZGQED6FMF5BE4JXAIJAL2XEEOIQVI5K4RJPFOPXE": {
        "profit": 0,
        "algo": 7.427564,
        "asset": 15000000000
    },
    "Y6V64WNMH4FCZMRWQTNR3H23R5QUSX4YNYWCAPTSNVJ5XIZZ6QPC53MDEE": {
        "profit": -921.5035136363268,
        "algo": 9.900567,
        "asset": -19007451261
    },
    "AR7TJWQCEL4STAV5AJ2NQHKE2WBDD4HFHF27MRH6EVC4ELFTG3GK54GVP4": {
        "profit": 0,
        "algo": 10.0,
        "asset": 16697949896
    },
    "K3SFX5RTJNY23A6OTCY66OYVWP2UCEDAH34H6LSBPPHPOEJGAZIAS366BI": {
        "profit": 0,
        "algo": 5.0,
        "asset": 7943643637
    },
    "VBZDMVXEJG4XAAWKVVVWMIUXRSR2J5SIX6KWEYKJ4AXLVABLPO2KTZ7LZE": {
        "profit": 0,
        "algo": 20.0,
        "asset": 29851702867
    },
    "BZNWZKESW7JLSNNJZOETM3PS5UYV4QYJSVSE256DPTBGTSIDB2J3F56D5A": {
        "profit": 0,
        "algo": 5.0,
        "asset": 5692596338
    }
}