{
    "QKA46DOSMUPHYLG5INTAPRDZNK23AN2LGCNWDG45MZXAJOMOT5265X52NQ": {
        "profit": 0,
        "algo": 110.821707,
        "asset": 256934247
    },
    "MHCNUU7BFGBYHOFHUQ4V4LREWCMJHFDTETUMXQLASSMVLYLVVLKCSFTULQ": {
        "profit": -110.91586855439107,
        "algo": 120.994,
        "asset": 30531548
    },
    "33EBSE4M6TNJBLFL56VXXAII5MXM2ECM4M63QONI3FOKBD2WVJQAHSMZTA": {
        "profit": -19.265027925771513,
        "algo": 2.265024,
        "asset": -4511447
    }
}