{
    "ZZZZZQNN4ZVKXEO5BEMQPX7HIKWNDE6G4PU4SA4WYNX26YJF6LYXHGU6OI": {
        "profit": 0.0,
        "algo": 0.0,
        "asset": -939680
    },
    "L67ZLECIFAPXQODTJT4SRMFDTMNSNBBZY3KMO6MF5MTWFERFF5ICXQG3GQ": {
        "profit": 0,
        "algo": 10.0,
        "asset": 46108275
    },
    "ZZZZZWEKY2QCFADDH34MBF5FWW47CGF5GVNSVCGBKP576LQC4YACIHYMXE": {
        "profit": 0.0,
        "algo": 0.0,
        "asset": -940034
    },
    "ZZZZZYXVQ337VP7TV3QUQENORHEMOHMWDTC5YZPOWN7LACIU3RVUKPWWTM": {
        "profit": 0.0,
        "algo": 0.0,
        "asset": -940389
    },
    "ZZZZZD546TR2Y54N437WSGGVI6X5RBXBDLWN74Z32ZDT233PIGNXTEQP5U": {
        "profit": 0.0,
        "algo": 0.0,
        "asset": -939327
    },
    "YCERT25ZLEE5VQVZUXKKOMDF7SNMVNB4DXY2336EE7IERH4IDHENK3QKDU": {
        "profit": 0,
        "algo": 1.0,
        "asset": 8999449
    }
}