{
    "FGAM2MIPJJD7CJSMS6N3DBJL2DA7KXLCBHKWXA3X6ZRJUDFADI5F6AVQPE": {
        "profit": 0,
        "algo": 10.0,
        "asset": 1170183215246
    },
    "COCK2FMPN73OHQS7U535AW6LDZ2VAJUBB7X2APUFAMX2QHY3L3PN4WZN6Q": {
        "profit": 15.957871,
        "algo": -15.957871,
        "asset": -245387420237010
    },
    "KLUSNGKSW3D6VHZNCTEOZWHP2ATOXXDZRI4YTQTM3NLBWILSR5MUJGLP4Y": {
        "profit": 9.724969076697851,
        "algo": 10.0,
        "asset": 181771197385557
    },
    "GCKFOGZST6CIYRTY3WAQFFXCRGSBNGQUQLC4PVVX4C3RSAGD3XVZGZS4EQ": {
        "profit": 0,
        "algo": 5.0,
        "asset": 6517286499653
    },
    "IRCGQMHO6KGQTOVCMIBDQ5LITUMBSCKEGFFS562TCDCJQVDLBGBFXVTOOA": {
        "profit": 0,
        "algo": 1.0,
        "asset": 497048769080
    },
    "ACTVHYX7SAZYMZX56T7C4KJCNNXPWV2DWW3YRUM2Y6JYOD4CSZZASFRWSA": {
        "profit": 0,
        "algo": 2.0,
        "asset": 167566493017
    },
    "QRPO66LBBBQIALOWRIVT3RZEY53PUYQYC6IVMYCENNK3VOKBX65UBTZ3WQ": {
        "profit": -26.21077452320696,
        "algo": 2.998,
        "asset": -1752416153679
    },
    "I4TJ3LOIREB74NSEJEJKEWMBDORWVXJTZZTI6D7SYGR363RDOK4IGDGDWI": {
        "profit": 0,
        "algo": 1.0,
        "asset": 533064557457
    },
    "RCKXRUUXKISMFUIX6AEXM7DPZCBQDARS25GSGT4ZZ5DSP5ZBCP43RPRT2Q": {
        "profit": 0,
        "algo": 0.378255,
        "asset": 2723383343
    },
    "PSFSKBTIUXUGCXB4YOUCPMWYDYLFYBRMVG4PRCVKNOIUGDJXQHKVW2W7LU": {
        "profit": 0,
        "algo": 1.0,
        "asset": 447747119314
    }
}