{
    "WF52SIRDSI2XMQUC7QCA4N4G27WLDAHJ5UYW3HTEMKZ7OY5HMRRBTTKLJ4": {
        "profit": 0,
        "algo": 50.0,
        "asset": 4189585071
    },
    "QJO5F5YSWWSM7AYKFVNSDQWXKKSQQVA36NRR6WV22ZI3HAZUGP2X5K4AMM": {
        "profit": 0.45446899999999957,
        "algo": -0.45446899999999957,
        "asset": 0
    },
    "P3Q65Y4Z72YCX2QW3GXEVYJCJ6NOUEJRO5HKFKZKEGWTNJGTC7QVQGSVI4": {
        "profit": 0,
        "algo": 10.0,
        "asset": 7165815
    },
    "H7RUBDWIAQYC3TGF5232DV7CAB3I2LCVYVG3OLHKHNYDLOF3SSVMW6THFM": {
        "profit": 0,
        "algo": 10.0,
        "asset": 683020826
    },
    "WRW32NVVFECH33BNADE263YUTDKYYIEWISFEM74WIYDSGWQ6G4732V7CO4": {
        "profit": 0,
        "algo": 4.2,
        "asset": 278375365
    },
    "33EBSE4M6TNJBLFL56VXXAII5MXM2ECM4M63QONI3FOKBD2WVJQAHSMZTA": {
        "profit": 0,
        "algo": 0.7,
        "asset": 28336992
    }
}