{
    "2GUK3CTAMBXWEMIVU7PBEM5AHB4PMMCMSME5HYKMAK2KOQQPM4PEUFVQLQ": {
        "profit": 0,
        "algo": 1.0,
        "asset": 0
    },
    "M4VQ7C2KCIBN7QGNKSBK6KM5HQD5AO2HJUW52ZQPN6O55N7RYZ5TDMRSHU": {
        "profit": 0,
        "algo": 0.5,
        "asset": 8670
    },
    "4VLLHGBWOYQFUEHDZP2LTF77B6KPN423APTNJQRTVL2MTTTV4OFLQZFMCI": {
        "profit": 0,
        "algo": 1.0,
        "asset": 7403
    },
    "6FO3PEWFNYIHA75NKUBWNWERR2WBE3AXHDKH4YSKPDS44SXOWJTXZVZG64": {
        "profit": 0,
        "algo": 0.5,
        "asset": 11679
    }
}