{
    "3SM7RD3JMRDCF77UV5IELGQVXIHNXPQTPLJWUCMTH4PIFZKMOGOWTKDD7E": {
        "profit": 0.6592998259007625,
        "algo": 1.3336649999999999,
        "asset": 750671481
    },
    "ZNV3TYO7KDZBSDO2NYLHDLHPAPRV73EDU5PW6OHURDCFFWHKC5U6UIFA6Y": {
        "profit": 0,
        "algo": 3.0,
        "asset": 6057842179
    },
    "SONICHI2A5Y6RAVHYM4Q4VT562B6KBVHYNYBLBUM57CX63Z5NRFSTOPP6E": {
        "profit": 29.106524,
        "algo": -29.106524,
        "asset": -25868267912
    },
    "GLLORY6ET4F4TAUW3MZGQED6FMF5BE4JXAIJAL2XEEOIQVI5K4RJPFOPXE": {
        "profit": 5.223595170856964,
        "algo": -10.0,
        "asset": -6266966065
    },
    "Y6V64WNMH4FCZMRWQTNR3H23R5QUSX4YNYWCAPTSNVJ5XIZZ6QPC53MDEE": {
        "profit": 0,
        "algo": 20.0,
        "asset": 123560447
    },
    "CWLD6Y243SIFIFDSYWG33N6LRMU657HHHS3VMM4UET3YHUWP4TXDM3Y74E": {
        "profit": -1.733783522351878,
        "algo": 3.115817,
        "asset": -569099699
    },
    "WVJBCJ6Y574OD53JJBNO7LFZBBV7X5DJLCNWHRIPCUBRJJJNJEHPWAF6AE": {
        "profit": 0,
        "algo": 4.0,
        "asset": 22819247421
    },
    "ACTVHYX7SAZYMZX56T7C4KJCNNXPWV2DWW3YRUM2Y6JYOD4CSZZASFRWSA": {
        "profit": 0,
        "algo": 50.0,
        "asset": 2316996427
    },
    "YET3USQ6NQDD5QBCJ2IOL2MDN2HORNNDSFS6UMZD4AHL3KBEP3N27VQECM": {
        "profit": 0,
        "algo": 5.0,
        "asset": 1852264438
    },
    "4GJCBBZFL7ZH54MJK65K6NRBMYRSH4VUPZEQ57H6JXCMLEU2P6BSHZHE3I": {
        "profit": 71.774289,
        "algo": -71.774289,
        "asset": -500000000000
    },
    "TQCBFZUD7KRD2ECYRDPT5GJCWSNPGYG5KJG66JUKFRLNJEXUSCD7JQXNS4": {
        "profit": 0,
        "algo": 35.182084,
        "asset": 9500000000
    }
}