{
    "YHBZTTW4KKR2Q6CNAVDQU6WJUAULB5B7JFFRPWJWCEUVAWIFYXOBESEBGA": {
        "profit": 0.029254,
        "algo": 0.017958,
        "asset": 10000
    },
    "YGWCIOGK3FAVNKD7OJLTMEGWH7KCW4ILBCGZHI6SZQSLNLKYBGYDBESAMU": {
        "profit": 0,
        "algo": 1.0,
        "asset": 489303
    },
    "CBJQ7JJKGT7IBWOWRXQDTZWMGUNZGDZTGTYIVQ426CRLRIJ462ZNTK5AIA": {
        "profit": 0,
        "algo": 0.68,
        "asset": 73982
    },
    "4VLLHGBWOYQFUEHDZP2LTF77B6KPN423APTNJQRTVL2MTTTV4OFLQZFMCI": {
        "profit": 0,
        "algo": 2.0,
        "asset": 112336
    }
}