{
    "ZZZZZQNN4ZVKXEO5BEMQPX7HIKWNDE6G4PU4SA4WYNX26YJF6LYXHGU6OI": {
        "profit": 0.0,
        "algo": 0.0,
        "asset": -138197213
    },
    "DZ3NEBBWGFNQTIICDXWKFCM6IY4CIUZHOLDT2BB7OBHAFVEOBZVSNI7T4I": {
        "profit": 46.25725255586085,
        "algo": 50.0,
        "asset": 2648437420
    },
    "ZZZZZWEKY2QCFADDH34MBF5FWW47CGF5GVNSVCGBKP576LQC4YACIHYMXE": {
        "profit": 0.0,
        "algo": 0.0,
        "asset": -138748071
    },
    "ZZZZZYXVQ337VP7TV3QUQENORHEMOHMWDTC5YZPOWN7LACIU3RVUKPWWTM": {
        "profit": 0.0,
        "algo": 0.0,
        "asset": -139302231
    }
}