{
    "ZZZZZD546TR2Y54N437WSGGVI6X5RBXBDLWN74Z32ZDT233PIGNXTEQP5U": {
        "profit": 0.0,
        "algo": 0.0,
        "asset": -11378
    },
    "ZZZZZWEKY2QCFADDH34MBF5FWW47CGF5GVNSVCGBKP576LQC4YACIHYMXE": {
        "profit": 0.0,
        "algo": 0.0,
        "asset": -11345
    },
    "AXAJ7AJVQSPIVEMMWERDP3UEL2RED6RE52EOPP25LU5X5LMDHKPDPQA7PQ": {
        "profit": 0,
        "algo": 5.0,
        "asset": 264459
    },
    "6JDNLXDKGYX65FR7NNKN7LMRYOYYE65ERB6SGZOQTN6HRXBR5KOFRJDVOE": {
        "profit": 0,
        "algo": 9.0,
        "asset": 793926
    }
}