{
    "ZDQ3LWJ26CM73L3DGPAGLP6K2AXWL7EADHKPCDVZZXBJFXFYL4CV6V45VA": {
        "profit": 0,
        "algo": 50.249367,
        "asset": 91042
    },
    "3MA3XVKL42FXW6UV6PSZYNLJIAGIFQMDOU3DFPVWFY66ES5P4MU2SFMTM4": {
        "profit": -0.12270891581236398,
        "algo": 25.0,
        "asset": 38896
    },
    "CBJQ7JJKGT7IBWOWRXQDTZWMGUNZGDZTGTYIVQ426CRLRIJ462ZNTK5AIA": {
        "profit": 0,
        "algo": 10.0,
        "asset": 15541
    },
    "Y6V64WNMH4FCZMRWQTNR3H23R5QUSX4YNYWCAPTSNVJ5XIZZ6QPC53MDEE": {
        "profit": -4718.387795086331,
        "algo": 49.502903,
        "asset": -77877
    }
}