{
    "ZZZZZYXVQ337VP7TV3QUQENORHEMOHMWDTC5YZPOWN7LACIU3RVUKPWWTM": {
        "profit": 0.0,
        "algo": 0.0,
        "asset": -19
    },
    "ZZZZZWEKY2QCFADDH34MBF5FWW47CGF5GVNSVCGBKP576LQC4YACIHYMXE": {
        "profit": 0.0,
        "algo": 0.0,
        "asset": -19
    },
    "ZZZZZD546TR2Y54N437WSGGVI6X5RBXBDLWN74Z32ZDT233PIGNXTEQP5U": {
        "profit": 0.0,
        "algo": 0.0,
        "asset": -19
    },
    "33EBSE4M6TNJBLFL56VXXAII5MXM2ECM4M63QONI3FOKBD2WVJQAHSMZTA": {
        "profit": 0,
        "algo": 1.0,
        "asset": 1194
    }
}