{
    "ACTVHYX7SAZYMZX56T7C4KJCNNXPWV2DWW3YRUM2Y6JYOD4CSZZASFRWSA": {
        "profit": -495.6507458892968,
        "algo": 45.650745,
        "asset": -1518053349
    },
    "QRPO66LBBBQIALOWRIVT3RZEY53PUYQYC6IVMYCENNK3VOKBX65UBTZ3WQ": {
        "profit": -16.030997371965018,
        "algo": 4.70639,
        "asset": -142167817
    },
    "L67ZLECIFAPXQODTJT4SRMFDTMNSNBBZY3KMO6MF5MTWFERFF5ICXQG3GQ": {
        "profit": 78.438894,
        "algo": -78.438894,
        "asset": -5565816101
    },
    "33EBSE4M6TNJBLFL56VXXAII5MXM2ECM4M63QONI3FOKBD2WVJQAHSMZTA": {
        "profit": 0,
        "algo": 2.0,
        "asset": 46409370
    },
    "V6HCELH3P5MTGALNS6QPQAQ53VHIOT3PLLCZ4U3KMPBECZY2ONPINIAUDY": {
        "profit": -99.04141484335807,
        "algo": 9.041413,
        "asset": -341767573
    },
    "4Q5CP3AKEVRKQF63UZJONXMHUR3L3QYFNTE4ZM2CORCITLQJEL53L75XEM": {
        "profit": 0,
        "algo": 1.5,
        "asset": 28598562
    },
    "XGWFADE2VNGWKUAG6GRY4TLNWUCNFZVW55WH7EAS4QELKWYA66LYITOHTM": {
        "profit": 0,
        "algo": 5.0,
        "asset": 18821566
    },
    "XHOJG45WBWU2TU5ZMT52B4EYS3VABFGXFF27VWPNAX744EYHO37BRSC6VE": {
        "profit": 0,
        "algo": 25.0,
        "asset": 966297058
    }
}