{
    "BHGCKEERJAVMGLLV6BWWCPVL5TJP77GV2ZBPIFUO3HILMTV7GY6VIVRBMY": {
        "profit": 0,
        "algo": 10.0,
        "asset": 55482
    },
    "XBOMMMEOIUWEOPDKT4T5AVZY7F52X25GVKW2B4COREGMNYCLQ2GHFOUOM4": {
        "profit": -2.5730991925997513,
        "algo": 0.347364,
        "asset": -16121
    },
    "QDQ4FZVYVSCAKR5WTSEMIGORRVZBUQ5KAPZ5SERMXE4DV4DO2UX4INP43U": {
        "profit": 0,
        "algo": 9.0,
        "asset": 40593
    },
    "LWT6235B2XIVC3BB4ENQGD72S3QE5JJCWOZAUPBJ2PXPZGCAMXPFIG5UCM": {
        "profit": 0,
        "algo": 2.0,
        "asset": 21048
    },
    "YET3USQ6NQDD5QBCJ2IOL2MDN2HORNNDSFS6UMZD4AHL3KBEP3N27VQECM": {
        "profit": 3.0,
        "algo": 0.0,
        "asset": 271870
    }
}