{
    "YGWCIOGK3FAVNKD7OJLTMEGWH7KCW4ILBCGZHI6SZQSLNLKYBGYDBESAMU": {
        "profit": 0,
        "algo": 10.0,
        "asset": 0
    },
    "LWT6235B2XIVC3BB4ENQGD72S3QE5JJCWOZAUPBJ2PXPZGCAMXPFIG5UCM": {
        "profit": 0,
        "algo": 10.0,
        "asset": 1140
    },
    "33EBSE4M6TNJBLFL56VXXAII5MXM2ECM4M63QONI3FOKBD2WVJQAHSMZTA": {
        "profit": 0,
        "algo": 3.0,
        "asset": 213
    },
    "QYWCLW2YDCRYU7WAX4AV2N5LHLXR74WMYNKDPFCBL7G4K5RJJIR4ACIBKQ": {
        "profit": 0,
        "algo": 100.0,
        "asset": 10452
    },
    "PSFSKBTIUXUGCXB4YOUCPMWYDYLFYBRMVG4PRCVKNOIUGDJXQHKVW2W7LU": {
        "profit": 0,
        "algo": 10.0,
        "asset": 834
    }
}