{
    "LPZW3S5C6SEBQSRNCIGZNBDWZR552VY4ZRJBH27E65SJNFPB3MKTH3RNVY": {
        "profit": -49.489032586572094,
        "algo": 4.48854,
        "asset": -365422
    },
    "QRPO66LBBBQIALOWRIVT3RZEY53PUYQYC6IVMYCENNK3VOKBX65UBTZ3WQ": {
        "profit": 0,
        "algo": 6.0,
        "asset": 185953
    },
    "XHOJG45WBWU2TU5ZMT52B4EYS3VABFGXFF27VWPNAX744EYHO37BRSC6VE": {
        "profit": 0,
        "algo": 10.0,
        "asset": 784641
    },
    "4Q5CP3AKEVRKQF63UZJONXMHUR3L3QYFNTE4ZM2CORCITLQJEL53L75XEM": {
        "profit": 0,
        "algo": 0.2,
        "asset": 7926
    },
    "AR7TJWQCEL4STAV5AJ2NQHKE2WBDD4HFHF27MRH6EVC4ELFTG3GK54GVP4": {
        "profit": 0,
        "algo": 2.0,
        "asset": 153459
    }
}