{
    "KOWM7THRBQB57Q2LIDORFIJ5FD2WL4S2L6G6CFEEYMME7MIGVO5J2MRZ7M": {
        "profit": 0,
        "algo": 5.0,
        "asset": 0
    },
    "ZZZZZQNN4ZVKXEO5BEMQPX7HIKWNDE6G4PU4SA4WYNX26YJF6LYXHGU6OI": {
        "profit": 0.0,
        "algo": 0.0,
        "asset": -139571
    },
    "ZZZZZYXVQ337VP7TV3QUQENORHEMOHMWDTC5YZPOWN7LACIU3RVUKPWWTM": {
        "profit": 0.0,
        "algo": 0.0,
        "asset": -139577
    },
    "ZZZZZWEKY2QCFADDH34MBF5FWW47CGF5GVNSVCGBKP576LQC4YACIHYMXE": {
        "profit": 0.0,
        "algo": 0.0,
        "asset": -139566
    },
    "YCERT25ZLEE5VQVZUXKKOMDF7SNMVNB4DXY2336EE7IERH4IDHENK3QKDU": {
        "profit": 0,
        "algo": 1.18,
        "asset": 1635157
    },
    "V6HCELH3P5MTGALNS6QPQAQ53VHIOT3PLLCZ4U3KMPBECZY2ONPINIAUDY": {
        "profit": 0,
        "algo": 50.0,
        "asset": 6893164
    }
}