{
    "DDDDDDPYVYA4NBYS5AIXCWO4BNI4OL5WWKIOJH6ZAYBAUHPM5VGQMQAENI": {
        "profit": 0.05206394980349227,
        "algo": -0.10256899999999991,
        "asset": -4960273
    },
    "LWT6235B2XIVC3BB4ENQGD72S3QE5JJCWOZAUPBJ2PXPZGCAMXPFIG5UCM": {
        "profit": 0,
        "algo": 10.0,
        "asset": 928551462
    },
    "WGMI4GRA7DXQ7OWGVQMZL4O5I7VW3LPRFSBWNRFRTSRSC2P3NUGKXUB6CE": {
        "profit": 0,
        "algo": 5.0,
        "asset": 457454874
    },
    "XPL3N2LHH3KRHLEM3Q3AERET3C3UOYGDK5S7L7CXI6WE5JNVRZUZ6W7LEM": {
        "profit": 0,
        "algo": 5.7,
        "asset": 506886393
    },
    "VBZDMVXEJG4XAAWKVVVWMIUXRSR2J5SIX6KWEYKJ4AXLVABLPO2KTZ7LZE": {
        "profit": 0,
        "algo": 20.0,
        "asset": 1773877363
    },
    "YUUCHV6DMBDKJHO7SPPQW2CTSSM624YWBIJHFTI6N7EKXRMCXYVNGQYCLA": {
        "profit": 0,
        "algo": 5.0,
        "asset": 368317146
    },
    "XHOJG45WBWU2TU5ZMT52B4EYS3VABFGXFF27VWPNAX744EYHO37BRSC6VE": {
        "profit": 0,
        "algo": 50.0,
        "asset": 4351057642
    },
    "LJE4V4P2UT6E3QNVBZVSRE6RTQ2U7NQ73RWMVEV54IMCJ5BTVKZICQVHLI": {
        "profit": 0,
        "algo": 25.0,
        "asset": 1835946025
    },
    "5OD4K3NUEZQ7OALBEMXUAP3O5DGAPQ3DYF2CM5C3ECJV5YX7GMLJP4ESR4": {
        "profit": 0,
        "algo": 5.0,
        "asset": 395110165
    },
    "FGAM2MIPJJD7CJSMS6N3DBJL2DA7KXLCBHKWXA3X6ZRJUDFADI5F6AVQPE": {
        "profit": 0,
        "algo": 5.0,
        "asset": 352844364
    }
}