{
    "OHKICKKAHCD6HQXXZ5AEYE45RZ5VLQRXCKVXQ4ZYEOUGV6AFI6QOAMHJKI": {
        "profit": 0,
        "algo": 2.0,
        "asset": 0
    },
    "Y6V64WNMH4FCZMRWQTNR3H23R5QUSX4YNYWCAPTSNVJ5XIZZ6QPC53MDEE": {
        "profit": -51.156712666666664,
        "algo": 0.990046,
        "asset": -89999
    },
    "WVJBCJ6Y574OD53JJBNO7LFZBBV7X5DJLCNWHRIPCUBRJJJNJEHPWAF6AE": {
        "profit": -0.015288925063197123,
        "algo": 0.010275999999999952,
        "asset": -351
    },
    "JTYEHXHK6GCNZ5PO67GEVUUTUR4U5F2XDFAZZ3JFOXYW4RP6QCDQAM5Y64": {
        "profit": 0,
        "algo": 0.2,
        "asset": 12086
    },
    "2CL56WGM47XDOYCPVXLH7DAN7TKVP5MS25B7UVJHBFKDHRYV4L2MGEL3HA": {
        "profit": 0,
        "algo": 1.0,
        "asset": 24614
    }
}