{
    "ZZZZZWEKY2QCFADDH34MBF5FWW47CGF5GVNSVCGBKP576LQC4YACIHYMXE": {
        "profit": 0.0,
        "algo": 0.01,
        "asset": -11674
    },
    "HP34WNYDMFBO3TR5KL4INUZ44LPFUSOIU7RATGYHBXZVP6T7GYIEFFITS4": {
        "profit": 0,
        "algo": 71.0,
        "asset": 37501926
    },
    "ZNV3TYO7KDZBSDO2NYLHDLHPAPRV73EDU5PW6OHURDCFFWHKC5U6UIFA6Y": {
        "profit": -4.414412385022251,
        "algo": -2.0,
        "asset": -1452239
    },
    "ZZZZZD546TR2Y54N437WSGGVI6X5RBXBDLWN74Z32ZDT233PIGNXTEQP5U": {
        "profit": 0.0,
        "algo": 0.0,
        "asset": -11681
    },
    "ZZZZZYXVQ337VP7TV3QUQENORHEMOHMWDTC5YZPOWN7LACIU3RVUKPWWTM": {
        "profit": 0.0,
        "algo": 0.0,
        "asset": -11678
    },
    "LVYNY6AIETAW2BC53IVU7LLNC4HVZOI6Y5425WVB33CTQ2P7GOQUFZMRHI": {
        "profit": 0,
        "algo": 5.0,
        "asset": 914649
    }
}