{
    "ZZZZZYXVQ337VP7TV3QUQENORHEMOHMWDTC5YZPOWN7LACIU3RVUKPWWTM": {
        "profit": 0.0,
        "algo": 0.0,
        "asset": -2
    },
    "UBGU3FWBYMVPY3BVT5G6YG7HIWE4KVUYVFNZ7OUVWL6UICYETOS5EW42C4": {
        "profit": 0,
        "algo": 20.0,
        "asset": 47245
    },
    "ZZZZZD546TR2Y54N437WSGGVI6X5RBXBDLWN74Z32ZDT233PIGNXTEQP5U": {
        "profit": 0.0,
        "algo": 0.0,
        "asset": -2
    },
    "ZZZZZWEKY2QCFADDH34MBF5FWW47CGF5GVNSVCGBKP576LQC4YACIHYMXE": {
        "profit": 0.0,
        "algo": 0.0,
        "asset": -2
    },
    "VPVFHBCVVTRN2FKAFAWEDG3F6FQE37ZKOWEQUM7VJCGQP2ZZPQCC46ZV6I": {
        "profit": 0,
        "algo": 209.987547,
        "asset": 19999000
    },
    "OBRYSBLDUGE453W2ZJOF6FYM2L7BGR6FJTDQCK2BXC6JIGCZSIAHEAPSGM": {
        "profit": 0.002,
        "algo": -0.002,
        "asset": -19999000
    }
}