{
    "COCK2FMPN73OHQS7U535AW6LDZ2VAJUBB7X2APUFAMX2QHY3L3PN4WZN6Q": {
        "profit": 0.0,
        "algo": 0.0,
        "asset": -1000
    },
    "DDDDDDPYVYA4NBYS5AIXCWO4BNI4OL5WWKIOJH6ZAYBAUHPM5VGQMQAENI": {
        "profit": 2.007542,
        "algo": -0.007541999999999938,
        "asset": -5970087
    },
    "CBJQ7JJKGT7IBWOWRXQDTZWMGUNZGDZTGTYIVQ426CRLRIJ462ZNTK5AIA": {
        "profit": 0,
        "algo": 10.0,
        "asset": 25172480
    },
    "EXVDNG6Z4Q6L46CYMCBH7CRSQQW3FQDA7XJHH4NC2M4KIXMM56YV7XPAII": {
        "profit": 0,
        "algo": 8.0,
        "asset": 23251552
    },
    "RHNTCUK54BSFAYCO22NEHF4N5USLAOVIUHDTH4DWVYSTIEKA2HBIWETDJA": {
        "profit": 0,
        "algo": 12.0,
        "asset": 34201465
    },
    "QK6LZ6LIFPBLC7DGB7XYLGBKXRAJY3ZS2LSZUYX7JMQD4DAMJFPXDVLMLQ": {
        "profit": 0,
        "algo": 37.091967,
        "asset": 100000000
    }
}