{
    "KLUSNGKSW3D6VHZNCTEOZWHP2ATOXXDZRI4YTQTM3NLBWILSR5MUJGLP4Y": {
        "profit": 0,
        "algo": 20.0,
        "asset": 95230019493
    },
    "XPL3N2LHH3KRHLEM3Q3AERET3C3UOYGDK5S7L7CXI6WE5JNVRZUZ6W7LEM": {
        "profit": 0,
        "algo": 5.0,
        "asset": 21152003676
    },
    "M4TNZOQKWUINHRYFCZBEEUBI3TZWPLPBI5VZQF55BT333EWMNKPXL6CF44": {
        "profit": 0,
        "algo": 11.07534,
        "asset": 25200000000
    },
    "4GKFGHNS6772NXSYU4OTMJI3VBWLWCKSHOWTWDDAFTTUBNI2D3UVQG5WX4": {
        "profit": 0,
        "algo": 10.0,
        "asset": 3937398975
    },
    "WVJBCJ6Y574OD53JJBNO7LFZBBV7X5DJLCNWHRIPCUBRJJJNJEHPWAF6AE": {
        "profit": 0,
        "algo": 16.316494,
        "asset": 51211657125
    },
    "33EBSE4M6TNJBLFL56VXXAII5MXM2ECM4M63QONI3FOKBD2WVJQAHSMZTA": {
        "profit": 0,
        "algo": 1.0,
        "asset": 2137049226
    },
    "4Q5CP3AKEVRKQF63UZJONXMHUR3L3QYFNTE4ZM2CORCITLQJEL53L75XEM": {
        "profit": 0,
        "algo": 0.5,
        "asset": 892494206
    },
    "4IRSDIDJQODQF4HPIXGDWIHSO46FWZGACMNBOQO2OCUKH5TUK65NCVWOII": {
        "profit": 0,
        "algo": 17.0,
        "asset": 0
    },
    "7QVXX2QQLB55GKVU4BSPL5YB2PIR22L6HRY3KXD3PBARD6KNQXDJIFCA5E": {
        "profit": 0,
        "algo": 12.0,
        "asset": 32372828564
    },
    "GOR4CPJLQCDDFVENJ7KN74WTIM4D6ZZPPTB537DR7C4OFHI3PLAJ7SAKBI": {
        "profit": 0,
        "algo": 5.0,
        "asset": 13344386343
    },
    "X5JHUPR56L42ODPJ3J2SBK6UE2NSKAKDJ3ZZGWABXJUBIHNYTVKCWEP4XI": {
        "profit": 0,
        "algo": 5.0,
        "asset": 11795354688
    }
}