{
    "WVJBCJ6Y574OD53JJBNO7LFZBBV7X5DJLCNWHRIPCUBRJJJNJEHPWAF6AE": {
        "profit": 3.326633488886068,
        "algo": 0.0,
        "asset": 70564466606
    },
    "JGJHHBC42B54UA6HS3377VVRQPJVV3XDVY2ZBLV6MJZK7BHT7K6ZCZNINM": {
        "profit": 0,
        "algo": 4.0,
        "asset": 9135222762
    },
    "Y6V64WNMH4FCZMRWQTNR3H23R5QUSX4YNYWCAPTSNVJ5XIZZ6QPC53MDEE": {
        "profit": 0,
        "algo": 10.0,
        "asset": 1417443530
    },
    "7QVXX2QQLB55GKVU4BSPL5YB2PIR22L6HRY3KXD3PBARD6KNQXDJIFCA5E": {
        "profit": 0,
        "algo": 5.0,
        "asset": 21150252388
    },
    "QRPO66LBBBQIALOWRIVT3RZEY53PUYQYC6IVMYCENNK3VOKBX65UBTZ3WQ": {
        "profit": 0,
        "algo": 5.0,
        "asset": 8802128172
    },
    "XGWFADE2VNGWKUAG6GRY4TLNWUCNFZVW55WH7EAS4QELKWYA66LYITOHTM": {
        "profit": 0,
        "algo": 5.0,
        "asset": 1279871648
    }
}