{
    "QRPO66LBBBQIALOWRIVT3RZEY53PUYQYC6IVMYCENNK3VOKBX65UBTZ3WQ": {
        "profit": -110.91295140122506,
        "algo": 20.283004,
        "asset": -11336552396217
    },
    "VBZDMVXEJG4XAAWKVVVWMIUXRSR2J5SIX6KWEYKJ4AXLVABLPO2KTZ7LZE": {
        "profit": 17.086039333812508,
        "algo": -5.0,
        "asset": 3952251866173
    },
    "XBOMMMEOIUWEOPDKT4T5AVZY7F52X25GVKW2B4COREGMNYCLQ2GHFOUOM4": {
        "profit": -26.06687204134769,
        "algo": 5.139185,
        "asset": -2821904521598
    },
    "Y6V64WNMH4FCZMRWQTNR3H23R5QUSX4YNYWCAPTSNVJ5XIZZ6QPC53MDEE": {
        "profit": 0,
        "algo": 100.0,
        "asset": 404182149600
    },
    "7QVXX2QQLB55GKVU4BSPL5YB2PIR22L6HRY3KXD3PBARD6KNQXDJIFCA5E": {
        "profit": 0,
        "algo": 19.0,
        "asset": 6570435184060
    },
    "CBJQ7JJKGT7IBWOWRXQDTZWMGUNZGDZTGTYIVQ426CRLRIJ462ZNTK5AIA": {
        "profit": 0,
        "algo": 10.0,
        "asset": 1946470708725
    },
    "UBGU3FWBYMVPY3BVT5G6YG7HIWE4KVUYVFNZ7OUVWL6UICYETOS5EW42C4": {
        "profit": 0,
        "algo": 150.0,
        "asset": 33220826462912
    },
    "ACTVHYX7SAZYMZX56T7C4KJCNNXPWV2DWW3YRUM2Y6JYOD4CSZZASFRWSA": {
        "profit": -898.8049259253073,
        "algo": 88.47859700000001,
        "asset": -25811536399656
    },
    "LJE4V4P2UT6E3QNVBZVSRE6RTQ2U7NQ73RWMVEV54IMCJ5BTVKZICQVHLI": {
        "profit": 5.145240222225471,
        "algo": -7.923017999999999,
        "asset": -665063456703
    },
    "UYOHSXISBRHEUQ5C4VVHIXZ3JRKDBD2AUEKP6MPXWOCQQIQBVWPK2NO2BE": {
        "profit": 0,
        "algo": 69.95826399999999,
        "asset": 14000000000000
    },
    "FWBXD4PW6VMY5HWBQBA6MUSLQ3Y45ZWL6RX2WEEGJN7EXSSR2T5IQZHQZY": {
        "profit": 0,
        "algo": 5.0,
        "asset": 1123673599806
    },
    "YZ5IOV3EPSSBRKOLY64BHG2HNF3MUC32Y5BM4ZJSHA5KOSF5OPAIABVSRI": {
        "profit": -90.33816622600416,
        "algo": 89.88450900000001,
        "asset": -96324858741
    },
    "M7I76ZJCAF5B65MBOPUCJ6S73RBQJZMZE6TE7V5QLG6PNKT6YS7CUSMUCE": {
        "profit": 0,
        "algo": 133.0,
        "asset": 19994394449941
    },
    "2GHZB5WE5PG35KLO5AH5QALMOSYNZTVXQ3HJ44UZPGD6M4IFXGA7ANTKR4": {
        "profit": 0,
        "algo": 30.0,
        "asset": 663351535225
    },
    "K5KLLGC5JVOVQTL2JTBEI3RPO5VXV3RZ55XGUXWYPB72OUAUTIPFEK72KM": {
        "profit": 0,
        "algo": 15.495491,
        "asset": 2708127585347
    },
    "GOATZO3TDB3VHMLHE2EHGIEI6CSQVA2FX5DF2JANJ3E2CT7YS7NPTBCCEQ": {
        "profit": 0,
        "algo": 30.0,
        "asset": 2698040220934
    },
    "WLU7CXQS2HT2VWCA3DOSARUIMMJKVLAR6CN3UVKBWEL2O4JRRKMAOE6BGM": {
        "profit": 0,
        "algo": 1700.532382,
        "asset": 774596668241
    },
    "V4UR5XXOZRQDVKLNLNDVUO4QSY4NLHKY3PMFM2BYW5PITZO47ENB5FHSRA": {
        "profit": 0.002,
        "algo": -0.002,
        "asset": -774596668241
    },
    "4Q5CP3AKEVRKQF63UZJONXMHUR3L3QYFNTE4ZM2CORCITLQJEL53L75XEM": {
        "profit": 0,
        "algo": 4.0,
        "asset": 37171458480
    }
}