{
    "ZZZZZWEKY2QCFADDH34MBF5FWW47CGF5GVNSVCGBKP576LQC4YACIHYMXE": {
        "profit": 0.0,
        "algo": 0.0,
        "asset": -39484918
    },
    "CQGMLSQULWKBWTSYMYGFUCAW4LQIR5KHPXIKLWCEK55WDKN4IZ4VKSNDVQ": {
        "profit": 0,
        "algo": 11.0,
        "asset": 3552540091
    },
    "ZZZZZQNN4ZVKXEO5BEMQPX7HIKWNDE6G4PU4SA4WYNX26YJF6LYXHGU6OI": {
        "profit": 0.09614657885946393,
        "algo": 0.1,
        "asset": -77757027
    },
    "ZZZZZYXVQ337VP7TV3QUQENORHEMOHMWDTC5YZPOWN7LACIU3RVUKPWWTM": {
        "profit": 0.0,
        "algo": 0.0,
        "asset": -39800637
    }
}