{
    "QG5TZHDOTTWOD2EC3KCS4OS7ACHEWIO3YPTKINJZBMOE3RHS37E37NR7UQ": {
        "profit": 0,
        "algo": 0.1,
        "asset": 2542
    },
    "M4VQ7C2KCIBN7QGNKSBK6KM5HQD5AO2HJUW52ZQPN6O55N7RYZ5TDMRSHU": {
        "profit": 0,
        "algo": 0.5,
        "asset": 17439
    },
    "33EBSE4M6TNJBLFL56VXXAII5MXM2ECM4M63QONI3FOKBD2WVJQAHSMZTA": {
        "profit": 0,
        "algo": 1.0,
        "asset": 4974
    },
    "XNG3HXOQWM34KMTVQY5PVEGYJ52GS6QCXPJN4KW7PZDUYYNE5JX5JBNIRI": {
        "profit": 0,
        "algo": 9.842329,
        "asset": 247007
    }
}