{
    "AXAJ7AJVQSPIVEMMWERDP3UEL2RED6RE52EOPP25LU5X5LMDHKPDPQA7PQ": {
        "profit": -0.990269716331881,
        "algo": -0.009727999999999959,
        "asset": -437891
    },
    "Y6V64WNMH4FCZMRWQTNR3H23R5QUSX4YNYWCAPTSNVJ5XIZZ6QPC53MDEE": {
        "profit": -426.19211785483117,
        "algo": 4.960439,
        "asset": -2707256
    },
    "FQZASQHLGOUDVIGF3JVBTXF4CZQ7KMHHET2EMM7ECT3MP7C6ZSN7QNCMZU": {
        "profit": 0,
        "algo": 1.0,
        "asset": 865102
    }
}