{
    "CLF6DNS5GXJVGNX4SZ4CMGP3LMPHO7X6UWMAUZKFOL2YR7M2T7KQYNGXSE": {
        "profit": 0,
        "algo": 11.25201,
        "asset": 551242
    },
    "ZZZZZYXVQ337VP7TV3QUQENORHEMOHMWDTC5YZPOWN7LACIU3RVUKPWWTM": {
        "profit": 0.0,
        "algo": 0.0,
        "asset": -4984
    },
    "ZZZZZQNN4ZVKXEO5BEMQPX7HIKWNDE6G4PU4SA4WYNX26YJF6LYXHGU6OI": {
        "profit": 0.0,
        "algo": 0.0,
        "asset": -4983
    },
    "ZZZZZWEKY2QCFADDH34MBF5FWW47CGF5GVNSVCGBKP576LQC4YACIHYMXE": {
        "profit": 0.0,
        "algo": 0.0,
        "asset": -4982
    },
    "HUEUZOW7WTQ72CUA273IQWNF7QEHOLBI5GDG465M7THB7ZHGNU53UFWDCM": {
        "profit": -0.011422716545814282,
        "algo": 2.5,
        "asset": 549025
    },
    "XHOJG45WBWU2TU5ZMT52B4EYS3VABFGXFF27VWPNAX744EYHO37BRSC6VE": {
        "profit": 0,
        "algo": 20.0,
        "asset": 948886
    },
    "Y2LYDQPHIHMTPJZZFBF5YPH6MYYTFFLICM2VCSF7U2FFEDROY6AGLNO5DY": {
        "profit": 0,
        "algo": 3.0,
        "asset": 138872
    }
}